period,crop,model,records,min_max_inside_pct,min_max_mean_width,p10_p90_inside_pct,p10_p90_mean_width
2015-2016,ALL,current,114,24.561403508771928,1.7689724,13.157894736842104,1.2309734160440007
2015-2016,ALL,v2,114,14.912280701754385,1.4324355,13.157894736842104,1.0276342233022053
2015-2016,barley,current,38,21.052631578947366,1.1402601,10.526315789473683,0.8373388315501965
2015-2016,barley,v2,38,10.526315789473683,0.8713549,7.894736842105263,0.6965339723386262
2015-2016,maize,current,38,42.10526315789473,2.9995015,26.31578947368421,1.9516148353877818
2015-2016,maize,v2,38,34.21052631578947,2.4949474,31.57894736842105,1.6259246412076447
2015-2016,wheat,current,38,10.526315789473683,1.1671556,2.631578947368421,0.9039665811940245
2015-2016,wheat,v2,38,0.0,0.93100405,0.0,0.7604440563603451
2017-2018,ALL,current,114,58.77192982456141,1.900996,49.122807017543856,1.2944324727644
2017-2018,ALL,v2,114,50.877192982456144,1.5865809,43.859649122807014,1.1961903337846727
2017-2018,barley,current,38,60.526315789473685,1.3163897,52.63157894736842,0.9720703677127238
2017-2018,barley,v2,38,50.0,1.1179935,39.473684210526315,0.8785021995243273
2017-2018,maize,current,38,47.368421052631575,3.1580832,39.473684210526315,2.0016614851198695
2017-2018,maize,v2,38,39.473684210526315,2.492005,36.84210526315789,1.7846470657147855
2017-2018,wheat,current,38,68.42105263157895,1.2285142,55.26315789473685,0.9095655654606064
2017-2018,wheat,v2,38,63.1578947368421,1.1497442,55.26315789473685,0.9254217361149033
2019-2020,ALL,current,114,57.89473684210527,1.730177,47.368421052631575,1.1098659979669672
2019-2020,ALL,v2,114,50.877192982456144,1.3739442,43.859649122807014,1.032751536787602
2019-2020,barley,current,38,47.368421052631575,1.0747553,36.84210526315789,0.7463783740997314
2019-2020,barley,v2,38,31.57894736842105,1.0484065,28.947368421052634,0.7705081801665458
2019-2020,maize,current,38,57.89473684210527,3.072589,44.73684210526316,1.8543396673704449
2019-2020,maize,v2,38,50.0,1.9863627,44.73684210526316,1.5291001169305098
2019-2020,wheat,current,38,68.42105263157895,1.0431865,60.526315789473685,0.7288799524307251
2019-2020,wheat,v2,38,71.05263157894737,1.0870631,57.89473684210527,0.7986463132657503
2021-2022,ALL,current,114,29.82456140350877,1.5983287,21.052631578947366,1.1084999711889971
2021-2022,ALL,v2,114,25.438596491228072,1.3846166,20.175438596491226,1.0632548633374668
2021-2022,barley,current,38,31.57894736842105,1.0623974,23.684210526315788,0.7716838937056691
2021-2022,barley,v2,38,31.57894736842105,1.0787191,23.684210526315788,0.8027829822741057
2021-2022,maize,current,38,18.421052631578945,2.659963,7.894736842105263,1.8017105855439843
2021-2022,maize,v2,38,10.526315789473683,1.9907497,7.894736842105263,1.581911947852687
2021-2022,wheat,current,38,39.473684210526315,1.0726256,31.57894736842105,0.752105434317338
2021-2022,wheat,v2,38,34.21052631578947,1.0843811,28.947368421052634,0.8050696598856072
