period,crop,method,records,mae,rmse,r2,bias
POOLED,ALL,baseline,456,0.9892982456140351,1.3888652568749735,0.13675711202230656,-0.31265789473684213
POOLED,ALL,current_actual_weather,456,0.9956178886430305,1.45626240932024,0.050943518729300474,-0.3244065896670024
POOLED,ALL,current_expected_weather,456,0.9668575765375506,1.4556698015382707,0.05171577490812007,0.007243973832381438
POOLED,ALL,current_historical_median,456,1.0037920733711176,1.4254980479924007,0.09061866736022828,-0.22441689049988459
POOLED,ALL,v2_actual_weather,456,0.8919970676564334,1.3058046480026924,0.23692152806985867,-0.24708640765725523
POOLED,ALL,v2_expected_weather,456,0.9455865540839078,1.4115784866287322,0.10829163095003747,0.04968363013183859
POOLED,ALL,v2_historical_median,456,0.9505637594273215,1.3752562571920726,0.15359145287367015,-0.13393555222896109
POOLED,barley,baseline,152,0.7546710526315789,0.8687118261207829,-0.12414253251951335,-0.5587763157894736
POOLED,barley,current_actual_weather,152,0.5947547032331165,0.7491924661050525,0.16390290357473725,-0.34230253501942287
POOLED,barley,current_expected_weather,152,0.5289032503178245,0.6948503981885614,0.28079527195543064,-0.07502327555104304
POOLED,barley,current_historical_median,152,0.6537129185701671,0.7889877525199678,0.07272097597669913,-0.3906467738277034
POOLED,barley,v2_actual_weather,152,0.5564721930027008,0.6900242237805245,0.29075123742168896,-0.34810834112920264
POOLED,barley,v2_expected_weather,152,0.5437347127261914,0.6958295455555292,0.27876691136440357,-0.12958469604191028
POOLED,barley,v2_historical_median,152,0.6096971459765183,0.7393209571197141,0.18579091027096672,-0.3191220973039929
POOLED,maize,baseline,152,1.6145789473684211,2.1089280889140167,-0.1252319654144285,-0.05478947368421055
POOLED,maize,current_actual_weather,152,1.8316533225461056,2.301289919346934,-0.3398654506878127,-0.45679138145948706
POOLED,maize,current_expected_weather,152,1.8148816073568246,2.306896126690091,-0.34640153550032693,0.0016165256500244702
POOLED,maize,current_historical_median,152,1.753319894891036,2.2095087519653274,-0.23512232260855903,-0.08328074154100915
POOLED,maize,v2_actual_weather,152,1.5978793855717308,2.0555071169849937,-0.06894777636579619,-0.26123134650682145
POOLED,maize,v2_expected_weather,152,1.7298983422078584,2.2235813988870645,-0.25090573388148507,0.19263627717369483
POOLED,maize,v2_historical_median,152,1.6840096075911273,2.1442166900213033,-0.1632039352948791,0.00640377935610325
POOLED,wheat,baseline,152,0.5986447368421053,0.764592822494775,-0.20794960289290154,-0.3244078947368421
POOLED,wheat,current_actual_weather,152,0.5604456401498695,0.7105462477848883,-0.04321322128926952,-0.17412585252209714
POOLED,wheat,current_expected_weather,152,0.5567878719380028,0.7431937150776108,-0.14128060890036043,0.09513867139816282
POOLED,wheat,current_historical_median,152,0.6043434066521494,0.7692226308764873,-0.22262279175824018,-0.1993231561309413
POOLED,wheat,v2_actual_weather,152,0.5216396243948684,0.643532748860872,0.14428393161328923,-0.13191953533574158
POOLED,wheat,v2_expected_weather,152,0.5631266073176736,0.7410590245011645,-0.1347337772422963,0.08599930926373127
POOLED,wheat,v2_historical_median,152,0.5579845247143193,0.727824585621783,-0.09456567634256974,-0.0890883387389936
