grid_index,longitude,latitude,nuts_id,county_name
4,16.2,46.9,HU222,Vas
8,16.3,46.9,HU222,Vas
9,16.3,47.0,HU222,Vas
11,16.4,46.7,HU223,Zala
12,16.4,46.8,HU222,Vas
13,16.4,46.9,HU222,Vas
14,16.4,47.0,HU222,Vas
21,16.5,46.6,HU223,Zala
22,16.5,46.7,HU223,Zala
23,16.5,46.8,HU223,Zala
24,16.5,46.9,HU222,Vas
25,16.5,47.0,HU222,Vas
26,16.5,47.1,HU222,Vas
27,16.5,47.2,HU222,Vas
28,16.5,47.3,HU222,Vas
31,16.5,47.7,HU221,Győr-Moson-Sopron
33,16.6,46.5,HU223,Zala
34,16.6,46.6,HU223,Zala
35,16.6,46.7,HU223,Zala
36,16.6,46.8,HU223,Zala
37,16.6,46.9,HU222,Vas
38,16.6,47.0,HU222,Vas
39,16.6,47.1,HU222,Vas
40,16.6,47.2,HU222,Vas
41,16.6,47.3,HU222,Vas
42,16.6,47.4,HU222,Vas
45,16.6,47.7,HU221,Győr-Moson-Sopron
48,16.7,46.5,HU223,Zala
49,16.7,46.6,HU223,Zala
50,16.7,46.7,HU223,Zala
51,16.7,46.8,HU223,Zala
52,16.7,46.9,HU223,Zala
53,16.7,47.0,HU222,Vas
54,16.7,47.1,HU222,Vas
55,16.7,47.2,HU222,Vas
56,16.7,47.3,HU222,Vas
57,16.7,47.4,HU222,Vas
58,16.7,47.5,HU221,Győr-Moson-Sopron
59,16.7,47.6,HU221,Győr-Moson-Sopron
60,16.7,47.7,HU221,Győr-Moson-Sopron
61,16.8,46.4,HU223,Zala
62,16.8,46.5,HU223,Zala
63,16.8,46.6,HU223,Zala
64,16.8,46.7,HU223,Zala
65,16.8,46.8,HU223,Zala
66,16.8,46.9,HU223,Zala
67,16.8,47.0,HU222,Vas
68,16.8,47.1,HU222,Vas
69,16.8,47.2,HU222,Vas
70,16.8,47.3,HU222,Vas
71,16.8,47.4,HU222,Vas
72,16.8,47.5,HU221,Győr-Moson-Sopron
73,16.8,47.6,HU221,Győr-Moson-Sopron
76,16.9,46.3,HU232,Somogy
77,16.9,46.4,HU223,Zala
78,16.9,46.5,HU223,Zala
79,16.9,46.6,HU223,Zala
80,16.9,46.7,HU223,Zala
81,16.9,46.8,HU223,Zala
82,16.9,46.9,HU223,Zala
83,16.9,47.0,HU222,Vas
84,16.9,47.1,HU222,Vas
85,16.9,47.2,HU222,Vas
86,16.9,47.3,HU222,Vas
87,16.9,47.4,HU222,Vas
88,16.9,47.5,HU221,Győr-Moson-Sopron
89,16.9,47.6,HU221,Győr-Moson-Sopron
92,17.0,46.3,HU232,Somogy
93,17.0,46.4,HU223,Zala
94,17.0,46.5,HU223,Zala
95,17.0,46.6,HU223,Zala
96,17.0,46.7,HU223,Zala
97,17.0,46.8,HU223,Zala
98,17.0,46.9,HU223,Zala
99,17.0,47.0,HU222,Vas
100,17.0,47.1,HU222,Vas
101,17.0,47.2,HU222,Vas
102,17.0,47.3,HU222,Vas
103,17.0,47.4,HU222,Vas
104,17.0,47.5,HU221,Győr-Moson-Sopron
105,17.0,47.6,HU221,Győr-Moson-Sopron
109,17.1,46.2,HU232,Somogy
110,17.1,46.3,HU232,Somogy
111,17.1,46.4,HU232,Somogy
112,17.1,46.5,HU223,Zala
113,17.1,46.6,HU223,Zala
114,17.1,46.7,HU223,Zala
115,17.1,46.8,HU223,Zala
116,17.1,46.9,HU223,Zala
117,17.1,47.0,HU223,Zala
118,17.1,47.1,HU222,Vas
119,17.1,47.2,HU222,Vas
120,17.1,47.3,HU222,Vas
121,17.1,47.4,HU222,Vas
122,17.1,47.5,HU221,Győr-Moson-Sopron
123,17.1,47.6,HU221,Győr-Moson-Sopron
124,17.1,47.7,HU221,Győr-Moson-Sopron
125,17.1,47.8,HU221,Győr-Moson-Sopron
129,17.2,46.2,HU232,Somogy
130,17.2,46.3,HU232,Somogy
131,17.2,46.4,HU232,Somogy
132,17.2,46.5,HU223,Zala
133,17.2,46.6,HU223,Zala
134,17.2,46.7,HU223,Zala
135,17.2,46.8,HU223,Zala
136,17.2,46.9,HU223,Zala
137,17.2,47.0,HU213,Veszprém
138,17.2,47.1,HU222,Vas
139,17.2,47.2,HU222,Vas
140,17.2,47.3,HU222,Vas
141,17.2,47.4,HU213,Veszprém
142,17.2,47.5,HU221,Győr-Moson-Sopron
143,17.2,47.6,HU221,Győr-Moson-Sopron
144,17.2,47.7,HU221,Győr-Moson-Sopron
145,17.2,47.8,HU221,Győr-Moson-Sopron
146,17.2,47.9,HU221,Győr-Moson-Sopron
147,17.2,48.0,HU221,Győr-Moson-Sopron
150,17.3,46.1,HU232,Somogy
151,17.3,46.2,HU232,Somogy
152,17.3,46.3,HU232,Somogy
153,17.3,46.4,HU232,Somogy
154,17.3,46.5,HU232,Somogy
155,17.3,46.6,HU232,Somogy
156,17.3,46.7,HU232,Somogy
157,17.3,46.8,HU223,Zala
158,17.3,46.9,HU223,Zala
159,17.3,47.0,HU213,Veszprém
160,17.3,47.1,HU213,Veszprém
161,17.3,47.2,HU213,Veszprém
162,17.3,47.3,HU213,Veszprém
163,17.3,47.4,HU213,Veszprém
164,17.3,47.5,HU221,Győr-Moson-Sopron
165,17.3,47.6,HU221,Győr-Moson-Sopron
166,17.3,47.7,HU221,Győr-Moson-Sopron
167,17.3,47.8,HU221,Győr-Moson-Sopron
168,17.3,47.9,HU221,Győr-Moson-Sopron
171,17.4,46.0,HU232,Somogy
172,17.4,46.1,HU232,Somogy
173,17.4,46.2,HU232,Somogy
174,17.4,46.3,HU232,Somogy
175,17.4,46.4,HU232,Somogy
176,17.4,46.5,HU232,Somogy
177,17.4,46.6,HU232,Somogy
178,17.4,46.7,HU232,Somogy
179,17.4,46.8,HU213,Veszprém
180,17.4,46.9,HU213,Veszprém
181,17.4,47.0,HU213,Veszprém
182,17.4,47.1,HU213,Veszprém
183,17.4,47.2,HU213,Veszprém
184,17.4,47.3,HU213,Veszprém
185,17.4,47.4,HU213,Veszprém
186,17.4,47.5,HU221,Győr-Moson-Sopron
187,17.4,47.6,HU221,Győr-Moson-Sopron
188,17.4,47.7,HU221,Győr-Moson-Sopron
189,17.4,47.8,HU221,Győr-Moson-Sopron
190,17.4,47.9,HU221,Győr-Moson-Sopron
193,17.5,46.0,HU232,Somogy
194,17.5,46.1,HU232,Somogy
195,17.5,46.2,HU232,Somogy
196,17.5,46.3,HU232,Somogy
197,17.5,46.4,HU232,Somogy
198,17.5,46.5,HU232,Somogy
199,17.5,46.6,HU232,Somogy
200,17.5,46.7,HU232,Somogy
201,17.5,46.8,HU213,Veszprém
202,17.5,46.9,HU213,Veszprém
203,17.5,47.0,HU213,Veszprém
204,17.5,47.1,HU213,Veszprém
205,17.5,47.2,HU213,Veszprém
206,17.5,47.3,HU213,Veszprém
207,17.5,47.4,HU213,Veszprém
208,17.5,47.5,HU221,Győr-Moson-Sopron
209,17.5,47.6,HU221,Győr-Moson-Sopron
210,17.5,47.7,HU221,Győr-Moson-Sopron
211,17.5,47.8,HU221,Győr-Moson-Sopron
215,17.6,46.0,HU232,Somogy
216,17.6,46.1,HU232,Somogy
217,17.6,46.2,HU232,Somogy
218,17.6,46.3,HU232,Somogy
219,17.6,46.4,HU232,Somogy
220,17.6,46.5,HU232,Somogy
221,17.6,46.6,HU232,Somogy
222,17.6,46.7,HU232,Somogy
223,17.6,46.8,HU213,Veszprém
224,17.6,46.9,HU213,Veszprém
225,17.6,47.0,HU213,Veszprém
226,17.6,47.1,HU213,Veszprém
227,17.6,47.2,HU213,Veszprém
228,17.6,47.3,HU213,Veszprém
229,17.6,47.4,HU213,Veszprém
230,17.6,47.5,HU221,Győr-Moson-Sopron
231,17.6,47.6,HU221,Győr-Moson-Sopron
232,17.6,47.7,HU221,Győr-Moson-Sopron
233,17.6,47.8,HU221,Győr-Moson-Sopron
235,17.7,45.9,HU232,Somogy
236,17.7,46.0,HU231,Baranya
237,17.7,46.1,HU231,Baranya
238,17.7,46.2,HU232,Somogy
239,17.7,46.3,HU232,Somogy
240,17.7,46.4,HU232,Somogy
241,17.7,46.5,HU232,Somogy
242,17.7,46.6,HU232,Somogy
243,17.7,46.7,HU232,Somogy
244,17.7,46.8,HU232,Somogy
245,17.7,46.9,HU213,Veszprém
246,17.7,47.0,HU213,Veszprém
247,17.7,47.1,HU213,Veszprém
248,17.7,47.2,HU213,Veszprém
249,17.7,47.3,HU213,Veszprém
250,17.7,47.4,HU213,Veszprém
251,17.7,47.5,HU221,Győr-Moson-Sopron
252,17.7,47.6,HU221,Győr-Moson-Sopron
253,17.7,47.7,HU221,Győr-Moson-Sopron
256,17.8,45.9,HU231,Baranya
257,17.8,46.0,HU231,Baranya
258,17.8,46.1,HU231,Baranya
259,17.8,46.2,HU231,Baranya
260,17.8,46.3,HU232,Somogy
261,17.8,46.4,HU232,Somogy
262,17.8,46.5,HU232,Somogy
263,17.8,46.6,HU232,Somogy
264,17.8,46.7,HU232,Somogy
265,17.8,46.8,HU232,Somogy
266,17.8,46.9,HU213,Veszprém
267,17.8,47.0,HU213,Veszprém
268,17.8,47.1,HU213,Veszprém
269,17.8,47.2,HU213,Veszprém
270,17.8,47.3,HU213,Veszprém
271,17.8,47.4,HU221,Győr-Moson-Sopron
272,17.8,47.5,HU221,Győr-Moson-Sopron
273,17.8,47.6,HU221,Győr-Moson-Sopron
274,17.8,47.7,HU221,Győr-Moson-Sopron
276,17.9,45.8,HU231,Baranya
277,17.9,45.9,HU231,Baranya
278,17.9,46.0,HU231,Baranya
279,17.9,46.1,HU231,Baranya
280,17.9,46.2,HU231,Baranya
281,17.9,46.3,HU232,Somogy
282,17.9,46.4,HU232,Somogy
283,17.9,46.5,HU232,Somogy
284,17.9,46.6,HU232,Somogy
285,17.9,46.7,HU232,Somogy
286,17.9,46.8,HU232,Somogy
287,17.9,46.9,HU213,Veszprém
288,17.9,47.0,HU213,Veszprém
289,17.9,47.1,HU213,Veszprém
290,17.9,47.2,HU213,Veszprém
291,17.9,47.3,HU213,Veszprém
292,17.9,47.4,HU212,Komárom-Esztergom
293,17.9,47.5,HU221,Győr-Moson-Sopron
294,17.9,47.6,HU221,Győr-Moson-Sopron
295,17.9,47.7,HU212,Komárom-Esztergom
296,18.0,45.8,HU231,Baranya
297,18.0,45.9,HU231,Baranya
298,18.0,46.0,HU231,Baranya
299,18.0,46.1,HU231,Baranya
300,18.0,46.2,HU231,Baranya
301,18.0,46.3,HU231,Baranya
302,18.0,46.4,HU232,Somogy
303,18.0,46.5,HU232,Somogy
304,18.0,46.6,HU232,Somogy
305,18.0,46.7,HU232,Somogy
306,18.0,46.8,HU232,Somogy
307,18.0,46.9,HU232,Somogy
308,18.0,47.0,HU213,Veszprém
309,18.0,47.1,HU213,Veszprém
310,18.0,47.2,HU213,Veszprém
311,18.0,47.3,HU213,Veszprém
312,18.0,47.4,HU212,Komárom-Esztergom
313,18.0,47.5,HU212,Komárom-Esztergom
314,18.0,47.6,HU212,Komárom-Esztergom
315,18.0,47.7,HU212,Komárom-Esztergom
317,18.1,45.8,HU231,Baranya
318,18.1,45.9,HU231,Baranya
319,18.1,46.0,HU231,Baranya
320,18.1,46.1,HU231,Baranya
321,18.1,46.2,HU231,Baranya
322,18.1,46.3,HU231,Baranya
323,18.1,46.4,HU233,Tolna
324,18.1,46.5,HU233,Tolna
325,18.1,46.6,HU233,Tolna
326,18.1,46.7,HU232,Somogy
327,18.1,46.8,HU232,Somogy
328,18.1,46.9,HU232,Somogy
329,18.1,47.0,HU213,Veszprém
330,18.1,47.1,HU213,Veszprém
331,18.1,47.2,HU213,Veszprém
332,18.1,47.3,HU211,Fejér
333,18.1,47.4,HU212,Komárom-Esztergom
334,18.1,47.5,HU212,Komárom-Esztergom
335,18.1,47.6,HU212,Komárom-Esztergom
336,18.1,47.7,HU212,Komárom-Esztergom
338,18.2,45.8,HU231,Baranya
339,18.2,45.9,HU231,Baranya
340,18.2,46.0,HU231,Baranya
341,18.2,46.1,HU231,Baranya
342,18.2,46.2,HU231,Baranya
343,18.2,46.3,HU231,Baranya
344,18.2,46.4,HU231,Baranya
345,18.2,46.5,HU233,Tolna
346,18.2,46.6,HU233,Tolna
347,18.2,46.7,HU233,Tolna
348,18.2,46.8,HU232,Somogy
349,18.2,46.9,HU232,Somogy
350,18.2,47.0,HU213,Veszprém
351,18.2,47.1,HU213,Veszprém
352,18.2,47.2,HU213,Veszprém
353,18.2,47.3,HU211,Fejér
354,18.2,47.4,HU211,Fejér
355,18.2,47.5,HU212,Komárom-Esztergom
356,18.2,47.6,HU212,Komárom-Esztergom
357,18.2,47.7,HU212,Komárom-Esztergom
359,18.3,45.8,HU231,Baranya
360,18.3,45.9,HU231,Baranya
361,18.3,46.0,HU231,Baranya
362,18.3,46.1,HU231,Baranya
363,18.3,46.2,HU231,Baranya
364,18.3,46.3,HU231,Baranya
365,18.3,46.4,HU231,Baranya
366,18.3,46.5,HU233,Tolna
367,18.3,46.6,HU233,Tolna
368,18.3,46.7,HU233,Tolna
369,18.3,46.8,HU233,Tolna
370,18.3,46.9,HU211,Fejér
371,18.3,47.0,HU211,Fejér
372,18.3,47.1,HU211,Fejér
373,18.3,47.2,HU211,Fejér
374,18.3,47.3,HU211,Fejér
375,18.3,47.4,HU211,Fejér
376,18.3,47.5,HU212,Komárom-Esztergom
377,18.3,47.6,HU212,Komárom-Esztergom
378,18.3,47.7,HU212,Komárom-Esztergom
380,18.4,45.8,HU231,Baranya
381,18.4,45.9,HU231,Baranya
382,18.4,46.0,HU231,Baranya
383,18.4,46.1,HU231,Baranya
384,18.4,46.2,HU231,Baranya
385,18.4,46.3,HU233,Tolna
386,18.4,46.4,HU233,Tolna
387,18.4,46.5,HU233,Tolna
388,18.4,46.6,HU233,Tolna
389,18.4,46.7,HU233,Tolna
390,18.4,46.8,HU211,Fejér
391,18.4,46.9,HU211,Fejér
392,18.4,47.0,HU211,Fejér
393,18.4,47.1,HU211,Fejér
394,18.4,47.2,HU211,Fejér
395,18.4,47.3,HU211,Fejér
396,18.4,47.4,HU211,Fejér
397,18.4,47.5,HU212,Komárom-Esztergom
398,18.4,47.6,HU212,Komárom-Esztergom
399,18.4,47.7,HU212,Komárom-Esztergom
402,18.5,45.8,HU231,Baranya
403,18.5,45.9,HU231,Baranya
404,18.5,46.0,HU231,Baranya
405,18.5,46.1,HU231,Baranya
406,18.5,46.2,HU231,Baranya
407,18.5,46.3,HU233,Tolna
408,18.5,46.4,HU233,Tolna
409,18.5,46.5,HU233,Tolna
410,18.5,46.6,HU233,Tolna
411,18.5,46.7,HU233,Tolna
412,18.5,46.8,HU211,Fejér
413,18.5,46.9,HU211,Fejér
414,18.5,47.0,HU211,Fejér
415,18.5,47.1,HU211,Fejér
416,18.5,47.2,HU211,Fejér
417,18.5,47.3,HU211,Fejér
418,18.5,47.4,HU211,Fejér
419,18.5,47.5,HU212,Komárom-Esztergom
420,18.5,47.6,HU212,Komárom-Esztergom
421,18.5,47.7,HU212,Komárom-Esztergom
424,18.6,45.9,HU231,Baranya
425,18.6,46.0,HU231,Baranya
426,18.6,46.1,HU231,Baranya
427,18.6,46.2,HU233,Tolna
428,18.6,46.3,HU233,Tolna
429,18.6,46.4,HU233,Tolna
430,18.6,46.5,HU233,Tolna
431,18.6,46.6,HU233,Tolna
432,18.6,46.7,HU233,Tolna
433,18.6,46.8,HU211,Fejér
434,18.6,46.9,HU211,Fejér
435,18.6,47.0,HU211,Fejér
436,18.6,47.1,HU211,Fejér
437,18.6,47.2,HU211,Fejér
438,18.6,47.3,HU211,Fejér
439,18.6,47.4,HU211,Fejér
440,18.6,47.5,HU211,Fejér
441,18.6,47.6,HU212,Komárom-Esztergom
442,18.6,47.7,HU212,Komárom-Esztergom
445,18.7,46.0,HU231,Baranya
446,18.7,46.1,HU231,Baranya
447,18.7,46.2,HU233,Tolna
448,18.7,46.3,HU233,Tolna
449,18.7,46.4,HU233,Tolna
450,18.7,46.5,HU233,Tolna
451,18.7,46.6,HU233,Tolna
452,18.7,46.7,HU233,Tolna
453,18.7,46.8,HU211,Fejér
454,18.7,46.9,HU211,Fejér
455,18.7,47.0,HU211,Fejér
456,18.7,47.1,HU211,Fejér
457,18.7,47.2,HU211,Fejér
458,18.7,47.3,HU211,Fejér
459,18.7,47.4,HU211,Fejér
460,18.7,47.5,HU211,Fejér
461,18.7,47.6,HU212,Komárom-Esztergom
462,18.7,47.7,HU212,Komárom-Esztergom
464,18.8,45.9,HU231,Baranya
465,18.8,46.0,HU231,Baranya
466,18.8,46.1,HU331,Bács-Kiskun
467,18.8,46.2,HU233,Tolna
468,18.8,46.3,HU233,Tolna
469,18.8,46.4,HU233,Tolna
470,18.8,46.5,HU233,Tolna
471,18.8,46.6,HU233,Tolna
472,18.8,46.7,HU233,Tolna
473,18.8,46.8,HU211,Fejér
474,18.8,46.9,HU211,Fejér
475,18.8,47.0,HU211,Fejér
476,18.8,47.1,HU211,Fejér
477,18.8,47.2,HU211,Fejér
478,18.8,47.3,HU211,Fejér
479,18.8,47.4,HU120,Pest
480,18.8,47.5,HU120,Pest
481,18.8,47.6,HU120,Pest
482,18.8,47.7,HU212,Komárom-Esztergom
483,18.8,47.8,HU212,Komárom-Esztergom
484,18.8,47.9,HU120,Pest
488,18.9,46.0,HU331,Bács-Kiskun
489,18.9,46.1,HU331,Bács-Kiskun
490,18.9,46.2,HU331,Bács-Kiskun
491,18.9,46.3,HU233,Tolna
492,18.9,46.4,HU331,Bács-Kiskun
493,18.9,46.5,HU233,Tolna
494,18.9,46.6,HU331,Bács-Kiskun
495,18.9,46.7,HU233,Tolna
496,18.9,46.8,HU233,Tolna
497,18.9,46.9,HU211,Fejér
498,18.9,47.0,HU211,Fejér
499,18.9,47.1,HU120,Pest
500,18.9,47.2,HU120,Pest
501,18.9,47.3,HU120,Pest
502,18.9,47.4,HU120,Pest
503,18.9,47.5,HU120,Pest
504,18.9,47.6,HU120,Pest
505,18.9,47.7,HU120,Pest
506,18.9,47.8,HU212,Komárom-Esztergom
507,18.9,47.9,HU120,Pest
508,18.9,48.0,HU120,Pest
511,19.0,46.0,HU331,Bács-Kiskun
512,19.0,46.1,HU331,Bács-Kiskun
513,19.0,46.2,HU331,Bács-Kiskun
514,19.0,46.3,HU331,Bács-Kiskun
515,19.0,46.4,HU331,Bács-Kiskun
516,19.0,46.5,HU331,Bács-Kiskun
517,19.0,46.6,HU331,Bács-Kiskun
518,19.0,46.7,HU233,Tolna
519,19.0,46.8,HU331,Bács-Kiskun
520,19.0,46.9,HU331,Bács-Kiskun
521,19.0,47.0,HU331,Bács-Kiskun
522,19.0,47.1,HU120,Pest
523,19.0,47.2,HU120,Pest
524,19.0,47.3,HU120,Pest
527,19.0,47.6,HU120,Pest
528,19.0,47.7,HU120,Pest
529,19.0,47.8,HU120,Pest
530,19.0,47.9,HU120,Pest
531,19.0,48.0,HU120,Pest
534,19.1,46.1,HU331,Bács-Kiskun
535,19.1,46.2,HU331,Bács-Kiskun
536,19.1,46.3,HU331,Bács-Kiskun
537,19.1,46.4,HU331,Bács-Kiskun
538,19.1,46.5,HU331,Bács-Kiskun
539,19.1,46.6,HU331,Bács-Kiskun
540,19.1,46.7,HU331,Bács-Kiskun
541,19.1,46.8,HU331,Bács-Kiskun
542,19.1,46.9,HU331,Bács-Kiskun
543,19.1,47.0,HU331,Bács-Kiskun
544,19.1,47.1,HU120,Pest
545,19.1,47.2,HU120,Pest
546,19.1,47.3,HU120,Pest
550,19.1,47.7,HU120,Pest
551,19.1,47.8,HU120,Pest
552,19.1,47.9,HU313,Nógrád
553,19.1,48.0,HU313,Nógrád
555,19.2,46.0,HU331,Bács-Kiskun
556,19.2,46.1,HU331,Bács-Kiskun
557,19.2,46.2,HU331,Bács-Kiskun
558,19.2,46.3,HU331,Bács-Kiskun
559,19.2,46.4,HU331,Bács-Kiskun
560,19.2,46.5,HU331,Bács-Kiskun
561,19.2,46.6,HU331,Bács-Kiskun
562,19.2,46.7,HU331,Bács-Kiskun
563,19.2,46.8,HU331,Bács-Kiskun
564,19.2,46.9,HU331,Bács-Kiskun
565,19.2,47.0,HU331,Bács-Kiskun
566,19.2,47.1,HU120,Pest
567,19.2,47.2,HU120,Pest
568,19.2,47.3,HU120,Pest
571,19.2,47.6,HU120,Pest
572,19.2,47.7,HU120,Pest
573,19.2,47.8,HU120,Pest
574,19.2,47.9,HU313,Nógrád
575,19.2,48.0,HU313,Nógrád
578,19.3,46.1,HU331,Bács-Kiskun
579,19.3,46.2,HU331,Bács-Kiskun
580,19.3,46.3,HU331,Bács-Kiskun
581,19.3,46.4,HU331,Bács-Kiskun
582,19.3,46.5,HU331,Bács-Kiskun
583,19.3,46.6,HU331,Bács-Kiskun
584,19.3,46.7,HU331,Bács-Kiskun
585,19.3,46.8,HU331,Bács-Kiskun
586,19.3,46.9,HU331,Bács-Kiskun
587,19.3,47.0,HU331,Bács-Kiskun
588,19.3,47.1,HU331,Bács-Kiskun
589,19.3,47.2,HU120,Pest
590,19.3,47.3,HU120,Pest
591,19.3,47.4,HU120,Pest
593,19.3,47.6,HU120,Pest
594,19.3,47.7,HU120,Pest
595,19.3,47.8,HU120,Pest
596,19.3,47.9,HU313,Nógrád
597,19.3,48.0,HU313,Nógrád
600,19.4,46.1,HU331,Bács-Kiskun
601,19.4,46.2,HU331,Bács-Kiskun
602,19.4,46.3,HU331,Bács-Kiskun
603,19.4,46.4,HU331,Bács-Kiskun
604,19.4,46.5,HU331,Bács-Kiskun
605,19.4,46.6,HU331,Bács-Kiskun
606,19.4,46.7,HU331,Bács-Kiskun
607,19.4,46.8,HU331,Bács-Kiskun
608,19.4,46.9,HU331,Bács-Kiskun
609,19.4,47.0,HU331,Bács-Kiskun
610,19.4,47.1,HU120,Pest
611,19.4,47.2,HU120,Pest
612,19.4,47.3,HU120,Pest
613,19.4,47.4,HU120,Pest
614,19.4,47.5,HU120,Pest
615,19.4,47.6,HU120,Pest
616,19.4,47.7,HU120,Pest
617,19.4,47.8,HU120,Pest
618,19.4,47.9,HU313,Nógrád
619,19.4,48.0,HU313,Nógrád
622,19.5,46.2,HU331,Bács-Kiskun
623,19.5,46.3,HU331,Bács-Kiskun
624,19.5,46.4,HU331,Bács-Kiskun
625,19.5,46.5,HU331,Bács-Kiskun
626,19.5,46.6,HU331,Bács-Kiskun
627,19.5,46.7,HU331,Bács-Kiskun
628,19.5,46.8,HU331,Bács-Kiskun
629,19.5,46.9,HU331,Bács-Kiskun
630,19.5,47.0,HU331,Bács-Kiskun
631,19.5,47.1,HU331,Bács-Kiskun
632,19.5,47.2,HU120,Pest
633,19.5,47.3,HU120,Pest
634,19.5,47.4,HU120,Pest
635,19.5,47.5,HU120,Pest
636,19.5,47.6,HU120,Pest
637,19.5,47.7,HU313,Nógrád
638,19.5,47.8,HU313,Nógrád
639,19.5,47.9,HU313,Nógrád
640,19.5,48.0,HU313,Nógrád
641,19.5,48.1,HU313,Nógrád
643,19.6,46.2,HU331,Bács-Kiskun
644,19.6,46.3,HU331,Bács-Kiskun
645,19.6,46.4,HU331,Bács-Kiskun
646,19.6,46.5,HU331,Bács-Kiskun
647,19.6,46.6,HU331,Bács-Kiskun
648,19.6,46.7,HU331,Bács-Kiskun
649,19.6,46.8,HU331,Bács-Kiskun
650,19.6,46.9,HU331,Bács-Kiskun
651,19.6,47.0,HU331,Bács-Kiskun
652,19.6,47.1,HU331,Bács-Kiskun
653,19.6,47.2,HU120,Pest
654,19.6,47.3,HU120,Pest
655,19.6,47.4,HU120,Pest
656,19.6,47.5,HU120,Pest
657,19.6,47.6,HU120,Pest
658,19.6,47.7,HU312,Heves
659,19.6,47.8,HU313,Nógrád
660,19.6,47.9,HU313,Nógrád
661,19.6,48.0,HU313,Nógrád
662,19.6,48.1,HU313,Nógrád
663,19.6,48.2,HU313,Nógrád
665,19.7,46.2,HU333,Csongrád-Csanád
666,19.7,46.3,HU333,Csongrád-Csanád
667,19.7,46.4,HU331,Bács-Kiskun
668,19.7,46.5,HU331,Bács-Kiskun
669,19.7,46.6,HU331,Bács-Kiskun
670,19.7,46.7,HU331,Bács-Kiskun
671,19.7,46.8,HU331,Bács-Kiskun
672,19.7,46.9,HU331,Bács-Kiskun
673,19.7,47.0,HU120,Pest
674,19.7,47.1,HU120,Pest
675,19.7,47.2,HU120,Pest
676,19.7,47.3,HU120,Pest
677,19.7,47.4,HU120,Pest
678,19.7,47.5,HU120,Pest
679,19.7,47.6,HU312,Heves
680,19.7,47.7,HU312,Heves
681,19.7,47.8,HU312,Heves
682,19.7,47.9,HU313,Nógrád
683,19.7,48.0,HU313,Nógrád
684,19.7,48.1,HU313,Nógrád
685,19.7,48.2,HU313,Nógrád
687,19.8,46.2,HU333,Csongrád-Csanád
688,19.8,46.3,HU333,Csongrád-Csanád
689,19.8,46.4,HU331,Bács-Kiskun
690,19.8,46.5,HU331,Bács-Kiskun
691,19.8,46.6,HU331,Bács-Kiskun
692,19.8,46.7,HU331,Bács-Kiskun
693,19.8,46.8,HU331,Bács-Kiskun
694,19.8,46.9,HU331,Bács-Kiskun
695,19.8,47.0,HU120,Pest
696,19.8,47.1,HU120,Pest
697,19.8,47.2,HU120,Pest
698,19.8,47.3,HU120,Pest
699,19.8,47.4,HU120,Pest
700,19.8,47.5,HU322,Jász-Nagykun-Szolnok
701,19.8,47.6,HU322,Jász-Nagykun-Szolnok
702,19.8,47.7,HU312,Heves
703,19.8,47.8,HU312,Heves
704,19.8,47.9,HU313,Nógrád
705,19.8,48.0,HU313,Nógrád
706,19.8,48.1,HU313,Nógrád
709,19.9,46.2,HU333,Csongrád-Csanád
710,19.9,46.3,HU333,Csongrád-Csanád
711,19.9,46.4,HU333,Csongrád-Csanád
712,19.9,46.5,HU333,Csongrád-Csanád
713,19.9,46.6,HU331,Bács-Kiskun
714,19.9,46.7,HU331,Bács-Kiskun
715,19.9,46.8,HU331,Bács-Kiskun
716,19.9,46.9,HU331,Bács-Kiskun
717,19.9,47.0,HU120,Pest
718,19.9,47.1,HU120,Pest
719,19.9,47.2,HU120,Pest
720,19.9,47.3,HU120,Pest
721,19.9,47.4,HU322,Jász-Nagykun-Szolnok
722,19.9,47.5,HU322,Jász-Nagykun-Szolnok
723,19.9,47.6,HU322,Jász-Nagykun-Szolnok
724,19.9,47.7,HU312,Heves
725,19.9,47.8,HU312,Heves
726,19.9,47.9,HU312,Heves
727,19.9,48.0,HU313,Nógrád
728,19.9,48.1,HU313,Nógrád
731,20.0,46.2,HU333,Csongrád-Csanád
732,20.0,46.3,HU333,Csongrád-Csanád
733,20.0,46.4,HU333,Csongrád-Csanád
734,20.0,46.5,HU333,Csongrád-Csanád
735,20.0,46.6,HU333,Csongrád-Csanád
736,20.0,46.7,HU331,Bács-Kiskun
737,20.0,46.8,HU331,Bács-Kiskun
738,20.0,46.9,HU331,Bács-Kiskun
739,20.0,47.0,HU120,Pest
740,20.0,47.1,HU120,Pest
741,20.0,47.2,HU120,Pest
742,20.0,47.3,HU120,Pest
743,20.0,47.4,HU322,Jász-Nagykun-Szolnok
744,20.0,47.5,HU322,Jász-Nagykun-Szolnok
745,20.0,47.6,HU322,Jász-Nagykun-Szolnok
746,20.0,47.7,HU312,Heves
747,20.0,47.8,HU312,Heves
748,20.0,47.9,HU312,Heves
749,20.0,48.0,HU312,Heves
750,20.0,48.1,HU313,Nógrád
753,20.1,46.2,HU333,Csongrád-Csanád
754,20.1,46.3,HU333,Csongrád-Csanád
755,20.1,46.4,HU333,Csongrád-Csanád
756,20.1,46.5,HU333,Csongrád-Csanád
757,20.1,46.6,HU333,Csongrád-Csanád
758,20.1,46.7,HU333,Csongrád-Csanád
759,20.1,46.8,HU322,Jász-Nagykun-Szolnok
760,20.1,46.9,HU331,Bács-Kiskun
761,20.1,47.0,HU331,Bács-Kiskun
762,20.1,47.1,HU322,Jász-Nagykun-Szolnok
763,20.1,47.2,HU322,Jász-Nagykun-Szolnok
764,20.1,47.3,HU322,Jász-Nagykun-Szolnok
765,20.1,47.4,HU322,Jász-Nagykun-Szolnok
766,20.1,47.5,HU322,Jász-Nagykun-Szolnok
767,20.1,47.6,HU312,Heves
768,20.1,47.7,HU312,Heves
769,20.1,47.8,HU312,Heves
770,20.1,47.9,HU312,Heves
771,20.1,48.0,HU312,Heves
772,20.1,48.1,HU312,Heves
773,20.1,48.2,HU311,Borsod-Abaúj-Zemplén
776,20.2,46.2,HU333,Csongrád-Csanád
777,20.2,46.3,HU333,Csongrád-Csanád
778,20.2,46.4,HU333,Csongrád-Csanád
779,20.2,46.5,HU333,Csongrád-Csanád
780,20.2,46.6,HU333,Csongrád-Csanád
781,20.2,46.7,HU333,Csongrád-Csanád
782,20.2,46.8,HU322,Jász-Nagykun-Szolnok
783,20.2,46.9,HU322,Jász-Nagykun-Szolnok
784,20.2,47.0,HU322,Jász-Nagykun-Szolnok
785,20.2,47.1,HU322,Jász-Nagykun-Szolnok
786,20.2,47.2,HU322,Jász-Nagykun-Szolnok
787,20.2,47.3,HU322,Jász-Nagykun-Szolnok
788,20.2,47.4,HU322,Jász-Nagykun-Szolnok
789,20.2,47.5,HU322,Jász-Nagykun-Szolnok
790,20.2,47.6,HU322,Jász-Nagykun-Szolnok
791,20.2,47.7,HU312,Heves
792,20.2,47.8,HU312,Heves
793,20.2,47.9,HU312,Heves
794,20.2,48.0,HU312,Heves
795,20.2,48.1,HU312,Heves
796,20.2,48.2,HU311,Borsod-Abaúj-Zemplén
799,20.3,46.2,HU333,Csongrád-Csanád
800,20.3,46.3,HU333,Csongrád-Csanád
801,20.3,46.4,HU333,Csongrád-Csanád
802,20.3,46.5,HU333,Csongrád-Csanád
803,20.3,46.6,HU333,Csongrád-Csanád
804,20.3,46.7,HU333,Csongrád-Csanád
805,20.3,46.8,HU322,Jász-Nagykun-Szolnok
806,20.3,46.9,HU322,Jász-Nagykun-Szolnok
807,20.3,47.0,HU322,Jász-Nagykun-Szolnok
808,20.3,47.1,HU322,Jász-Nagykun-Szolnok
809,20.3,47.2,HU322,Jász-Nagykun-Szolnok
810,20.3,47.3,HU322,Jász-Nagykun-Szolnok
811,20.3,47.4,HU322,Jász-Nagykun-Szolnok
812,20.3,47.5,HU312,Heves
813,20.3,47.6,HU312,Heves
814,20.3,47.7,HU312,Heves
815,20.3,47.8,HU312,Heves
816,20.3,47.9,HU312,Heves
817,20.3,48.0,HU312,Heves
818,20.3,48.1,HU312,Heves
819,20.3,48.2,HU311,Borsod-Abaúj-Zemplén
822,20.4,46.2,HU333,Csongrád-Csanád
823,20.4,46.3,HU333,Csongrád-Csanád
824,20.4,46.4,HU333,Csongrád-Csanád
825,20.4,46.5,HU333,Csongrád-Csanád
826,20.4,46.6,HU333,Csongrád-Csanád
827,20.4,46.7,HU333,Csongrád-Csanád
828,20.4,46.8,HU322,Jász-Nagykun-Szolnok
829,20.4,46.9,HU322,Jász-Nagykun-Szolnok
830,20.4,47.0,HU322,Jász-Nagykun-Szolnok
831,20.4,47.1,HU322,Jász-Nagykun-Szolnok
832,20.4,47.2,HU322,Jász-Nagykun-Szolnok
833,20.4,47.3,HU322,Jász-Nagykun-Szolnok
834,20.4,47.4,HU322,Jász-Nagykun-Szolnok
835,20.4,47.5,HU312,Heves
836,20.4,47.6,HU312,Heves
837,20.4,47.7,HU312,Heves
838,20.4,47.8,HU312,Heves
839,20.4,47.9,HU312,Heves
840,20.4,48.0,HU312,Heves
841,20.4,48.1,HU312,Heves
842,20.4,48.2,HU311,Borsod-Abaúj-Zemplén
843,20.4,48.3,HU311,Borsod-Abaúj-Zemplén
846,20.5,46.2,HU333,Csongrád-Csanád
847,20.5,46.3,HU333,Csongrád-Csanád
848,20.5,46.4,HU333,Csongrád-Csanád
849,20.5,46.5,HU333,Csongrád-Csanád
850,20.5,46.6,HU333,Csongrád-Csanád
851,20.5,46.7,HU333,Csongrád-Csanád
852,20.5,46.8,HU332,Békés
853,20.5,46.9,HU322,Jász-Nagykun-Szolnok
854,20.5,47.0,HU322,Jász-Nagykun-Szolnok
855,20.5,47.1,HU322,Jász-Nagykun-Szolnok
856,20.5,47.2,HU322,Jász-Nagykun-Szolnok
857,20.5,47.3,HU322,Jász-Nagykun-Szolnok
858,20.5,47.4,HU322,Jász-Nagykun-Szolnok
859,20.5,47.5,HU312,Heves
860,20.5,47.6,HU312,Heves
861,20.5,47.7,HU312,Heves
862,20.5,47.8,HU312,Heves
863,20.5,47.9,HU311,Borsod-Abaúj-Zemplén
864,20.5,48.0,HU311,Borsod-Abaúj-Zemplén
865,20.5,48.1,HU311,Borsod-Abaúj-Zemplén
866,20.5,48.2,HU311,Borsod-Abaúj-Zemplén
867,20.5,48.3,HU311,Borsod-Abaúj-Zemplén
868,20.5,48.4,HU311,Borsod-Abaúj-Zemplén
871,20.6,46.2,HU333,Csongrád-Csanád
872,20.6,46.3,HU333,Csongrád-Csanád
873,20.6,46.4,HU332,Békés
874,20.6,46.5,HU333,Csongrád-Csanád
875,20.6,46.6,HU332,Békés
876,20.6,46.7,HU332,Békés
877,20.6,46.8,HU332,Békés
878,20.6,46.9,HU332,Békés
879,20.6,47.0,HU322,Jász-Nagykun-Szolnok
880,20.6,47.1,HU322,Jász-Nagykun-Szolnok
881,20.6,47.2,HU322,Jász-Nagykun-Szolnok
882,20.6,47.3,HU322,Jász-Nagykun-Szolnok
883,20.6,47.4,HU322,Jász-Nagykun-Szolnok
884,20.6,47.5,HU322,Jász-Nagykun-Szolnok
885,20.6,47.6,HU312,Heves
886,20.6,47.7,HU312,Heves
887,20.6,47.8,HU311,Borsod-Abaúj-Zemplén
888,20.6,47.9,HU311,Borsod-Abaúj-Zemplén
889,20.6,48.0,HU311,Borsod-Abaúj-Zemplén
890,20.6,48.1,HU311,Borsod-Abaúj-Zemplén
891,20.6,48.2,HU311,Borsod-Abaúj-Zemplén
892,20.6,48.3,HU311,Borsod-Abaúj-Zemplén
893,20.6,48.4,HU311,Borsod-Abaúj-Zemplén
894,20.6,48.5,HU311,Borsod-Abaúj-Zemplén
897,20.7,46.2,HU333,Csongrád-Csanád
898,20.7,46.3,HU333,Csongrád-Csanád
899,20.7,46.4,HU332,Békés
900,20.7,46.5,HU332,Békés
901,20.7,46.6,HU332,Békés
902,20.7,46.7,HU332,Békés
903,20.7,46.8,HU332,Békés
904,20.7,46.9,HU332,Békés
905,20.7,47.0,HU322,Jász-Nagykun-Szolnok
906,20.7,47.1,HU322,Jász-Nagykun-Szolnok
907,20.7,47.2,HU322,Jász-Nagykun-Szolnok
908,20.7,47.3,HU322,Jász-Nagykun-Szolnok
909,20.7,47.4,HU322,Jász-Nagykun-Szolnok
910,20.7,47.5,HU322,Jász-Nagykun-Szolnok
911,20.7,47.6,HU322,Jász-Nagykun-Szolnok
912,20.7,47.7,HU311,Borsod-Abaúj-Zemplén
913,20.7,47.8,HU311,Borsod-Abaúj-Zemplén
914,20.7,47.9,HU311,Borsod-Abaúj-Zemplén
915,20.7,48.0,HU311,Borsod-Abaúj-Zemplén
916,20.7,48.1,HU311,Borsod-Abaúj-Zemplén
917,20.7,48.2,HU311,Borsod-Abaúj-Zemplén
918,20.7,48.3,HU311,Borsod-Abaúj-Zemplén
919,20.7,48.4,HU311,Borsod-Abaúj-Zemplén
920,20.7,48.5,HU311,Borsod-Abaúj-Zemplén
923,20.8,46.3,HU332,Békés
924,20.8,46.4,HU332,Békés
925,20.8,46.5,HU332,Békés
926,20.8,46.6,HU332,Békés
927,20.8,46.7,HU332,Békés
928,20.8,46.8,HU332,Békés
929,20.8,46.9,HU332,Békés
930,20.8,47.0,HU332,Békés
931,20.8,47.1,HU322,Jász-Nagykun-Szolnok
932,20.8,47.2,HU322,Jász-Nagykun-Szolnok
933,20.8,47.3,HU322,Jász-Nagykun-Szolnok
934,20.8,47.4,HU322,Jász-Nagykun-Szolnok
935,20.8,47.5,HU322,Jász-Nagykun-Szolnok
936,20.8,47.6,HU322,Jász-Nagykun-Szolnok
937,20.8,47.7,HU311,Borsod-Abaúj-Zemplén
938,20.8,47.8,HU311,Borsod-Abaúj-Zemplén
939,20.8,47.9,HU311,Borsod-Abaúj-Zemplén
940,20.8,48.0,HU311,Borsod-Abaúj-Zemplén
941,20.8,48.1,HU311,Borsod-Abaúj-Zemplén
942,20.8,48.2,HU311,Borsod-Abaúj-Zemplén
943,20.8,48.3,HU311,Borsod-Abaúj-Zemplén
944,20.8,48.4,HU311,Borsod-Abaúj-Zemplén
945,20.8,48.5,HU311,Borsod-Abaúj-Zemplén
947,20.9,46.3,HU332,Békés
948,20.9,46.4,HU332,Békés
949,20.9,46.5,HU332,Békés
950,20.9,46.6,HU332,Békés
951,20.9,46.7,HU332,Békés
952,20.9,46.8,HU332,Békés
953,20.9,46.9,HU332,Békés
954,20.9,47.0,HU332,Békés
955,20.9,47.1,HU332,Békés
956,20.9,47.2,HU322,Jász-Nagykun-Szolnok
957,20.9,47.3,HU322,Jász-Nagykun-Szolnok
958,20.9,47.4,HU322,Jász-Nagykun-Szolnok
959,20.9,47.5,HU322,Jász-Nagykun-Szolnok
960,20.9,47.6,HU321,Hajdú-Bihar
961,20.9,47.7,HU311,Borsod-Abaúj-Zemplén
962,20.9,47.8,HU311,Borsod-Abaúj-Zemplén
963,20.9,47.9,HU311,Borsod-Abaúj-Zemplén
964,20.9,48.0,HU311,Borsod-Abaúj-Zemplén
965,20.9,48.1,HU311,Borsod-Abaúj-Zemplén
966,20.9,48.2,HU311,Borsod-Abaúj-Zemplén
967,20.9,48.3,HU311,Borsod-Abaúj-Zemplén
968,20.9,48.4,HU311,Borsod-Abaúj-Zemplén
969,20.9,48.5,HU311,Borsod-Abaúj-Zemplén
972,21.0,46.3,HU332,Békés
973,21.0,46.4,HU332,Békés
974,21.0,46.5,HU332,Békés
975,21.0,46.6,HU332,Békés
976,21.0,46.7,HU332,Békés
977,21.0,46.8,HU332,Békés
978,21.0,46.9,HU332,Békés
979,21.0,47.0,HU332,Békés
980,21.0,47.1,HU332,Békés
981,21.0,47.2,HU332,Békés
982,21.0,47.3,HU322,Jász-Nagykun-Szolnok
983,21.0,47.4,HU322,Jász-Nagykun-Szolnok
984,21.0,47.5,HU321,Hajdú-Bihar
985,21.0,47.6,HU321,Hajdú-Bihar
986,21.0,47.7,HU321,Hajdú-Bihar
987,21.0,47.8,HU311,Borsod-Abaúj-Zemplén
988,21.0,47.9,HU311,Borsod-Abaúj-Zemplén
989,21.0,48.0,HU311,Borsod-Abaúj-Zemplén
990,21.0,48.1,HU311,Borsod-Abaúj-Zemplén
991,21.0,48.2,HU311,Borsod-Abaúj-Zemplén
992,21.0,48.3,HU311,Borsod-Abaúj-Zemplén
993,21.0,48.4,HU311,Borsod-Abaúj-Zemplén
994,21.0,48.5,HU311,Borsod-Abaúj-Zemplén
996,21.1,46.3,HU332,Békés
997,21.1,46.4,HU332,Békés
998,21.1,46.5,HU332,Békés
999,21.1,46.6,HU332,Békés
1000,21.1,46.7,HU332,Békés
1001,21.1,46.8,HU332,Békés
1002,21.1,46.9,HU332,Békés
1003,21.1,47.0,HU332,Békés
1004,21.1,47.1,HU332,Békés
1005,21.1,47.2,HU321,Hajdú-Bihar
1006,21.1,47.3,HU321,Hajdú-Bihar
1007,21.1,47.4,HU321,Hajdú-Bihar
1008,21.1,47.5,HU321,Hajdú-Bihar
1009,21.1,47.6,HU321,Hajdú-Bihar
1010,21.1,47.7,HU321,Hajdú-Bihar
1011,21.1,47.8,HU321,Hajdú-Bihar
1012,21.1,47.9,HU321,Hajdú-Bihar
1013,21.1,48.0,HU323,Szabolcs-Szatmár-Bereg
1014,21.1,48.1,HU311,Borsod-Abaúj-Zemplén
1015,21.1,48.2,HU311,Borsod-Abaúj-Zemplén
1016,21.1,48.3,HU311,Borsod-Abaúj-Zemplén
1017,21.1,48.4,HU311,Borsod-Abaúj-Zemplén
1020,21.2,46.4,HU332,Békés
1021,21.2,46.5,HU332,Békés
1022,21.2,46.6,HU332,Békés
1023,21.2,46.7,HU332,Békés
1024,21.2,46.8,HU332,Békés
1025,21.2,46.9,HU332,Békés
1026,21.2,47.0,HU332,Békés
1027,21.2,47.1,HU332,Békés
1028,21.2,47.2,HU321,Hajdú-Bihar
1029,21.2,47.3,HU321,Hajdú-Bihar
1030,21.2,47.4,HU321,Hajdú-Bihar
1031,21.2,47.5,HU321,Hajdú-Bihar
1032,21.2,47.6,HU321,Hajdú-Bihar
1033,21.2,47.7,HU321,Hajdú-Bihar
1034,21.2,47.8,HU321,Hajdú-Bihar
1035,21.2,47.9,HU321,Hajdú-Bihar
1036,21.2,48.0,HU323,Szabolcs-Szatmár-Bereg
1037,21.2,48.1,HU311,Borsod-Abaúj-Zemplén
1038,21.2,48.2,HU311,Borsod-Abaúj-Zemplén
1039,21.2,48.3,HU311,Borsod-Abaúj-Zemplén
1040,21.2,48.4,HU311,Borsod-Abaúj-Zemplén
1041,21.2,48.5,HU311,Borsod-Abaúj-Zemplén
1044,21.3,46.6,HU332,Békés
1045,21.3,46.7,HU332,Békés
1046,21.3,46.8,HU332,Békés
1047,21.3,46.9,HU332,Békés
1048,21.3,47.0,HU321,Hajdú-Bihar
1049,21.3,47.1,HU321,Hajdú-Bihar
1050,21.3,47.2,HU321,Hajdú-Bihar
1051,21.3,47.3,HU321,Hajdú-Bihar
1052,21.3,47.4,HU321,Hajdú-Bihar
1053,21.3,47.5,HU321,Hajdú-Bihar
1054,21.3,47.6,HU321,Hajdú-Bihar
1055,21.3,47.7,HU321,Hajdú-Bihar
1056,21.3,47.8,HU321,Hajdú-Bihar
1057,21.3,47.9,HU321,Hajdú-Bihar
1058,21.3,48.0,HU323,Szabolcs-Szatmár-Bereg
1059,21.3,48.1,HU311,Borsod-Abaúj-Zemplén
1060,21.3,48.2,HU311,Borsod-Abaúj-Zemplén
1061,21.3,48.3,HU311,Borsod-Abaúj-Zemplén
1062,21.3,48.4,HU311,Borsod-Abaúj-Zemplén
1063,21.3,48.5,HU311,Borsod-Abaúj-Zemplén
1066,21.4,46.7,HU332,Békés
1067,21.4,46.8,HU332,Békés
1068,21.4,46.9,HU332,Békés
1069,21.4,47.0,HU321,Hajdú-Bihar
1070,21.4,47.1,HU321,Hajdú-Bihar
1071,21.4,47.2,HU321,Hajdú-Bihar
1072,21.4,47.3,HU321,Hajdú-Bihar
1073,21.4,47.4,HU321,Hajdú-Bihar
1074,21.4,47.5,HU321,Hajdú-Bihar
1075,21.4,47.6,HU321,Hajdú-Bihar
1076,21.4,47.7,HU321,Hajdú-Bihar
1077,21.4,47.8,HU321,Hajdú-Bihar
1078,21.4,47.9,HU321,Hajdú-Bihar
1079,21.4,48.0,HU323,Szabolcs-Szatmár-Bereg
1080,21.4,48.1,HU311,Borsod-Abaúj-Zemplén
1081,21.4,48.2,HU311,Borsod-Abaúj-Zemplén
1082,21.4,48.3,HU311,Borsod-Abaúj-Zemplén
1083,21.4,48.4,HU311,Borsod-Abaúj-Zemplén
1084,21.4,48.5,HU311,Borsod-Abaúj-Zemplén
1086,21.5,46.7,HU332,Békés
1087,21.5,46.8,HU332,Békés
1088,21.5,46.9,HU332,Békés
1089,21.5,47.0,HU321,Hajdú-Bihar
1090,21.5,47.1,HU321,Hajdú-Bihar
1091,21.5,47.2,HU321,Hajdú-Bihar
1092,21.5,47.3,HU321,Hajdú-Bihar
1093,21.5,47.4,HU321,Hajdú-Bihar
1094,21.5,47.5,HU321,Hajdú-Bihar
1095,21.5,47.6,HU321,Hajdú-Bihar
1096,21.5,47.7,HU321,Hajdú-Bihar
1097,21.5,47.8,HU321,Hajdú-Bihar
1098,21.5,47.9,HU321,Hajdú-Bihar
1099,21.5,48.0,HU323,Szabolcs-Szatmár-Bereg
1100,21.5,48.1,HU323,Szabolcs-Szatmár-Bereg
1101,21.5,48.2,HU311,Borsod-Abaúj-Zemplén
1102,21.5,48.3,HU311,Borsod-Abaúj-Zemplén
1103,21.5,48.4,HU311,Borsod-Abaúj-Zemplén
1104,21.5,48.5,HU311,Borsod-Abaúj-Zemplén
1107,21.6,46.9,HU332,Békés
1108,21.6,47.0,HU321,Hajdú-Bihar
1109,21.6,47.1,HU321,Hajdú-Bihar
1110,21.6,47.2,HU321,Hajdú-Bihar
1111,21.6,47.3,HU321,Hajdú-Bihar
1112,21.6,47.4,HU321,Hajdú-Bihar
1113,21.6,47.5,HU321,Hajdú-Bihar
1114,21.6,47.6,HU321,Hajdú-Bihar
1115,21.6,47.7,HU321,Hajdú-Bihar
1116,21.6,47.8,HU323,Szabolcs-Szatmár-Bereg
1117,21.6,47.9,HU323,Szabolcs-Szatmár-Bereg
1118,21.6,48.0,HU323,Szabolcs-Szatmár-Bereg
1119,21.6,48.1,HU323,Szabolcs-Szatmár-Bereg
1120,21.6,48.2,HU311,Borsod-Abaúj-Zemplén
1121,21.6,48.3,HU311,Borsod-Abaúj-Zemplén
1122,21.6,48.4,HU311,Borsod-Abaúj-Zemplén
1123,21.6,48.5,HU311,Borsod-Abaúj-Zemplén
1126,21.7,47.1,HU321,Hajdú-Bihar
1127,21.7,47.2,HU321,Hajdú-Bihar
1128,21.7,47.3,HU321,Hajdú-Bihar
1129,21.7,47.4,HU321,Hajdú-Bihar
1130,21.7,47.5,HU321,Hajdú-Bihar
1131,21.7,47.6,HU321,Hajdú-Bihar
1132,21.7,47.7,HU321,Hajdú-Bihar
1133,21.7,47.8,HU323,Szabolcs-Szatmár-Bereg
1134,21.7,47.9,HU323,Szabolcs-Szatmár-Bereg
1135,21.7,48.0,HU323,Szabolcs-Szatmár-Bereg
1136,21.7,48.1,HU323,Szabolcs-Szatmár-Bereg
1137,21.7,48.2,HU311,Borsod-Abaúj-Zemplén
1138,21.7,48.3,HU311,Borsod-Abaúj-Zemplén
1141,21.8,47.2,HU321,Hajdú-Bihar
1142,21.8,47.3,HU321,Hajdú-Bihar
1143,21.8,47.4,HU321,Hajdú-Bihar
1144,21.8,47.5,HU321,Hajdú-Bihar
1145,21.8,47.6,HU321,Hajdú-Bihar
1146,21.8,47.7,HU323,Szabolcs-Szatmár-Bereg
1147,21.8,47.8,HU323,Szabolcs-Szatmár-Bereg
1148,21.8,47.9,HU323,Szabolcs-Szatmár-Bereg
1149,21.8,48.0,HU323,Szabolcs-Szatmár-Bereg
1150,21.8,48.1,HU323,Szabolcs-Szatmár-Bereg
1151,21.8,48.2,HU323,Szabolcs-Szatmár-Bereg
1152,21.8,48.3,HU311,Borsod-Abaúj-Zemplén
1156,21.9,47.4,HU321,Hajdú-Bihar
1157,21.9,47.5,HU321,Hajdú-Bihar
1158,21.9,47.6,HU321,Hajdú-Bihar
1159,21.9,47.7,HU321,Hajdú-Bihar
1160,21.9,47.8,HU323,Szabolcs-Szatmár-Bereg
1161,21.9,47.9,HU323,Szabolcs-Szatmár-Bereg
1162,21.9,48.0,HU323,Szabolcs-Szatmár-Bereg
1163,21.9,48.1,HU323,Szabolcs-Szatmár-Bereg
1164,21.9,48.2,HU323,Szabolcs-Szatmár-Bereg
1165,21.9,48.3,HU311,Borsod-Abaúj-Zemplén
1167,22.0,47.4,HU321,Hajdú-Bihar
1168,22.0,47.5,HU321,Hajdú-Bihar
1169,22.0,47.6,HU321,Hajdú-Bihar
1170,22.0,47.7,HU323,Szabolcs-Szatmár-Bereg
1171,22.0,47.8,HU323,Szabolcs-Szatmár-Bereg
1172,22.0,47.9,HU323,Szabolcs-Szatmár-Bereg
1173,22.0,48.0,HU323,Szabolcs-Szatmár-Bereg
1174,22.0,48.1,HU323,Szabolcs-Szatmár-Bereg
1175,22.0,48.2,HU323,Szabolcs-Szatmár-Bereg
1176,22.0,48.3,HU311,Borsod-Abaúj-Zemplén
1179,22.1,47.6,HU321,Hajdú-Bihar
1180,22.1,47.7,HU323,Szabolcs-Szatmár-Bereg
1181,22.1,47.8,HU323,Szabolcs-Szatmár-Bereg
1182,22.1,47.9,HU323,Szabolcs-Szatmár-Bereg
1183,22.1,48.0,HU323,Szabolcs-Szatmár-Bereg
1184,22.1,48.1,HU323,Szabolcs-Szatmár-Bereg
1185,22.1,48.2,HU323,Szabolcs-Szatmár-Bereg
1186,22.1,48.3,HU323,Szabolcs-Szatmár-Bereg
1189,22.2,47.7,HU323,Szabolcs-Szatmár-Bereg
1190,22.2,47.8,HU323,Szabolcs-Szatmár-Bereg
1191,22.2,47.9,HU323,Szabolcs-Szatmár-Bereg
1192,22.2,48.0,HU323,Szabolcs-Szatmár-Bereg
1193,22.2,48.1,HU323,Szabolcs-Szatmár-Bereg
1194,22.2,48.2,HU323,Szabolcs-Szatmár-Bereg
1195,22.2,48.3,HU323,Szabolcs-Szatmár-Bereg
1196,22.2,48.4,HU323,Szabolcs-Szatmár-Bereg
1198,22.3,47.8,HU323,Szabolcs-Szatmár-Bereg
1199,22.3,47.9,HU323,Szabolcs-Szatmár-Bereg
1200,22.3,48.0,HU323,Szabolcs-Szatmár-Bereg
1201,22.3,48.1,HU323,Szabolcs-Szatmár-Bereg
1202,22.3,48.2,HU323,Szabolcs-Szatmár-Bereg
1203,22.3,48.3,HU323,Szabolcs-Szatmár-Bereg
1206,22.4,47.8,HU323,Szabolcs-Szatmár-Bereg
1207,22.4,47.9,HU323,Szabolcs-Szatmár-Bereg
1208,22.4,48.0,HU323,Szabolcs-Szatmár-Bereg
1209,22.4,48.1,HU323,Szabolcs-Szatmár-Bereg
1210,22.4,48.2,HU323,Szabolcs-Szatmár-Bereg
1213,22.5,47.9,HU323,Szabolcs-Szatmár-Bereg
1214,22.5,48.0,HU323,Szabolcs-Szatmár-Bereg
1215,22.5,48.1,HU323,Szabolcs-Szatmár-Bereg
1216,22.5,48.2,HU323,Szabolcs-Szatmár-Bereg
1218,22.6,47.8,HU323,Szabolcs-Szatmár-Bereg
1219,22.6,47.9,HU323,Szabolcs-Szatmár-Bereg
1220,22.6,48.0,HU323,Szabolcs-Szatmár-Bereg
1221,22.6,48.1,HU323,Szabolcs-Szatmár-Bereg
1224,22.7,47.9,HU323,Szabolcs-Szatmár-Bereg
1225,22.7,48.0,HU323,Szabolcs-Szatmár-Bereg
1226,22.7,48.1,HU323,Szabolcs-Szatmár-Bereg
1228,22.8,47.9,HU323,Szabolcs-Szatmár-Bereg
1229,22.8,48.0,HU323,Szabolcs-Szatmár-Bereg
1230,22.8,48.1,HU323,Szabolcs-Szatmár-Bereg
