period,crop,model,records,mae,rmse,r2,bias
2023-2025,ALL,baseline,171,0.6492163742690059,0.8569751509563887,0.4479734484074812,-0.016982456140350856
2023-2025,ALL,v2_actual_weather,171,0.5727786644718104,0.7481436555996559,0.5792796651432892,0.13494339452152365
2023-2025,ALL,v2_expected_weather,171,0.7631416890774554,1.0109331103649564,0.23181052865755547,0.3633434394925658
2023-2025,barley,baseline,57,0.3624912280701755,0.46227697325304884,0.2431637312260132,-0.021228070175438565
2023-2025,barley,v2_actual_weather,57,0.48027967720700987,0.5765381434747674,-0.17720881204849537,0.28037930103770475
2023-2025,barley,v2_expected_weather,57,0.48776164606997846,0.5961632376145305,-0.2587161293365525,0.38316244560375556
2023-2025,maize,baseline,57,1.1344912280701753,1.2948422649991274,0.3976134650289991,0.24059649122807014
2023-2025,maize,v2_actual_weather,57,0.8734724755872759,1.0724225742144664,0.5867875327098416,0.057842445540846374
2023-2025,maize,v2_expected_weather,57,1.351440372467041,1.5558491027411787,0.13028598309815864,0.5393795993871855
2023-2025,wheat,baseline,57,0.4506666666666667,0.5593770971733695,0.19575883325891796,-0.27031578947368423
2023-2025,wheat,v2_actual_weather,57,0.3645838406211451,0.44347534280491313,0.4945061292519134,0.06660843698601975
2023-2025,wheat,v2_expected_weather,57,0.45022304869534674,0.538405260480361,0.2549326594893796,0.16748827348675646
2023,ALL,baseline,57,0.7631228070175436,0.9564780057265283,0.5401854617612163,-0.5321052631578946
2023,ALL,v2_actual_weather,57,0.6112898863407605,0.7358739502522467,0.727830421086654,-0.10839192775257846
2023,ALL,v2_expected_weather,57,0.7470212230347751,0.9410820418655022,0.5548691492769038,-0.19514002582483125
2023,barley,baseline,19,0.41378947368421054,0.5349272454219703,-0.9378081009694748,0.05526315789473697
2023,barley,v2_actual_weather,19,0.4913384236787494,0.6127142947135104,-1.5423618068029277,0.41247535002859026
2023,barley,v2_expected_weather,19,0.5362732987654836,0.6752776271986924,-2.088062296275732,0.4653448456212094
2023,maize,baseline,19,1.295684210526316,1.4067953129832282,-0.8817971707406502,-1.264315789473684
2023,maize,v2_actual_weather,19,0.8560318254169663,0.9679697075908755,0.1090885950745113,-0.7433588429501182
2023,maize,v2_expected_weather,19,1.1856879475242217,1.354433500143885,-0.7443208006997755,-1.1093421283521152
2023,wheat,baseline,19,0.5798947368421054,0.6923368513877285,-1.2122390837984818,-0.3872631578947368
2023,wheat,v2_actual_weather,19,0.48649940992656515,0.5587013962929561,-0.44064400704322493,0.005707709663792655
2023,wheat,v2_expected_weather,19,0.5191024228146202,0.6053232594722564,-0.6911101156678854,0.0585772052564119
2024,ALL,baseline,57,0.5180350877192982,0.6876260713753425,0.1801737330643245,0.19943859649122803
2024,ALL,v2_actual_weather,57,0.7159482397112931,0.9316929675720498,-0.5050911236399014,0.5560934003194172
2024,ALL,v2_expected_weather,57,0.7085490036010743,0.9312841275847858,-0.5037705031200705,0.5828640506142064
2024,barley,baseline,19,0.3430526315789474,0.4521981400832348,0.1615525807059831,0.09757894736842102
2024,barley,v2_actual_weather,19,0.6146099150808233,0.6871209496236074,-0.9359077959288071,0.5074212646484376
2024,barley,v2_expected_weather,19,0.608788766359028,0.679605286172199,-0.8937898537120306,0.4896231671383507
2024,maize,baseline,19,0.8235789473684209,1.0075594275277264,0.012368255953086882,0.7766315789473682
2024,maize,v2_actual_weather,19,1.2257692808853953,1.4075612654750944,-0.9274730413287366,0.9859133479469699
2024,maize,v2_expected_weather,19,1.213813475558632,1.4119470488732628,-0.9395032803817942,1.1012180940728438
2024,wheat,baseline,19,0.3874736842105264,0.4459032229200933,0.2503638023264799,-0.2758947368421053
2024,wheat,v2_actual_weather,19,0.3074655231676604,0.3883187376268887,0.4314796421594336,0.17494558836284438
2024,wheat,v2_expected_weather,19,0.30304476888556237,0.3826389486957053,0.44798907166090596,0.15775089063142475
2025,ALL,baseline,57,0.6664912280701755,0.9030722222483046,0.1996517089812866,0.28171929824561404
2025,ALL,v2_actual_weather,57,0.39109786736337765,0.5192249336838425,0.7354272368082793,-0.042871289002267964
2025,ALL,v2_expected_weather,57,0.8338548405965168,1.145875964091837,-0.28857373106611983,0.7023062936883224
2025,barley,baseline,19,0.33063157894736855,0.38790422040824246,0.6063127027520647,-0.21652631578947368
2025,barley,v2_actual_weather,19,0.3348906928614568,0.38682642914629267,0.6084973825286648,-0.07875871156391347
2025,barley,v2_expected_weather,19,0.3182228730854235,0.3851864468810199,0.611809960335552,0.19451932405170638
2025,maize,baseline,19,1.2842105263157897,1.4267446937180568,-0.0914630843216162,1.2094736842105265
2025,maize,v2_actual_weather,19,0.5386163204594662,0.7294357149022342,0.7147073607893641,-0.06902716837431262
2025,maize,v2_expected_weather,19,1.6548196943182694,1.853082490437935,-0.8412214444747981,1.626262832440828
2025,wheat,baseline,19,0.3846315789473685,0.5104392329419005,0.6180721594143697,-0.14778947368421053
2025,wheat,v2_actual_weather,19,0.29978658876920994,0.35647222446632026,0.813729270631653,0.019172012931422205
2025,wheat,v2_expected_weather,19,0.5285219543858579,0.5973373084126796,0.47696288944702714,0.28613672457243267
