yield_year,county_name,crop,average_yield_t_ha,recent_yield_mean_t_ha,actual_temperature_c,expected_temperature_c,actual_precipitation_mm,expected_precipitation_mm,actual_weather_prediction,expected_weather_prediction,actual_weather_error,actual_weather_abs_error,expected_weather_error,expected_weather_abs_error,absolute_error_increase
2023,Bács-Kiskun,barley,5.46,5.594,11.474,11.314,545.38,532.85,6.092029,6.102826,0.632029094696045,0.632029094696045,0.6428261184692383,0.6428261184692383,0.01079702377319336
2023,Bács-Kiskun,maize,7.87,6.312,17.096,16.432,379.33,427.24,6.353576,6.764966,-1.5164238166809083,1.5164238166809083,-1.1050339889526368,1.1050339889526368,-0.4113898277282715
2023,Bács-Kiskun,wheat,5.22,5.242,11.474,11.314,545.38,532.85,5.79164,5.802437,0.5716398048400881,0.5716398048400881,0.5824368286132815,0.5824368286132815,0.01079702377319336
2023,Baranya,barley,5.33,6.438,11.461,11.357,794.95,624.57,5.989894,6.626569,0.6598939132690429,0.6598939132690429,1.2965687942504882,1.2965687942504882,0.6366748809814453
2023,Baranya,maize,8.5,7.706,16.864,16.326,520.4,499.0,9.243766,8.920928,0.7437658309936523,0.7437658309936523,0.4209280014038086,0.4209280014038086,-0.32283782958984375
2023,Baranya,wheat,5.24,6.052,11.461,11.357,794.95,624.57,5.765472,6.402147,0.5254719352722166,0.5254719352722166,1.162146816253662,1.162146816253662,0.6366748809814453
2023,Békés,barley,5.27,5.104,11.451,11.311,552.55,509.97,5.707149,5.70293,0.4371490287780766,0.4371490287780766,0.43292997360229535,0.43292997360229535,-0.00421905517578125
2023,Békés,maize,7.91,6.528,17.158,16.643,374.86,399.16,6.4874935,6.0617375,-1.4225064849853517,1.4225064849853517,-1.848262462615967,1.848262462615967,0.42575597763061523
2023,Békés,wheat,5.25,5.074,11.451,11.311,552.55,509.97,5.6453924,5.6411734,0.39539241790771484,0.39539241790771484,0.3911733627319336,0.3911733627319336,-0.00421905517578125
2023,Borsod-Abaúj-Zemplén,barley,5.67,5.32,9.943,9.939,668.62,537.78,5.4643474,5.495948,-0.20565263748168938,0.20565263748168938,-0.17405216217041009,0.17405216217041009,-0.0316004753112793
2023,Borsod-Abaúj-Zemplén,maize,8.33,7.038,15.482,15.281,532.33,447.27,7.6614556,7.064541,-0.6685443687438966,0.6685443687438966,-1.2654591369628907,1.2654591369628907,0.5969147682189941
2023,Borsod-Abaúj-Zemplén,wheat,6.39,5.162,9.943,9.939,668.62,537.78,5.4230857,5.454686,-0.966914310455322,0.966914310455322,-0.9353138351440426,0.9353138351440426,-0.0316004753112793
2023,Csongrád-Csanád,barley,5.55,5.05,11.715,11.502,500.05,516.79,5.6767945,5.6767945,0.12679452896118182,0.12679452896118182,0.12679452896118182,0.12679452896118182,0.0
2023,Csongrád-Csanád,maize,5.26,5.558,17.402,16.739,344.6,415.94,4.990036,5.5643573,-0.2699639892578123,0.2699639892578123,0.3043572807312014,0.3043572807312014,0.0343932914733891
2023,Csongrád-Csanád,wheat,4.84,4.7,11.715,11.502,500.05,516.79,5.345496,5.345496,0.50549617767334,0.50549617767334,0.50549617767334,0.50549617767334,0.0
2023,Fejér,barley,5.58,6.07,11.046,11.087,632.26,523.24,6.4434333,6.465499,0.8634332847595214,0.8634332847595214,0.885498924255371,0.885498924255371,0.02206563949584961
2023,Fejér,maize,8.64,6.864,16.633,16.144,443.23,428.58,7.3702145,6.9677176,-1.2697855377197271,1.2697855377197271,-1.6722823524475103,1.6722823524475103,0.4024968147277832
2023,Fejér,wheat,5.97,5.65,11.046,11.087,632.26,523.24,6.136012,6.1580777,0.16601207733154322,0.16601207733154322,0.18807771682739283,0.18807771682739283,0.02206563949584961
2023,Győr-Moson-Sopron,barley,5.35,5.316,10.824,11.001,559.69,533.25,5.726611,5.749508,0.3766111373901371,0.3766111373901371,0.39950790405273473,0.39950790405273473,0.022896766662597656
2023,Győr-Moson-Sopron,maize,8.09,6.852,16.228,15.899,547.64,431.29,8.073051,6.5403075,-0.016948547363281108,0.016948547363281108,-1.5496924781799315,1.5496924781799315,1.5327439308166504
2023,Győr-Moson-Sopron,wheat,5.48,5.28,10.824,11.001,559.69,533.25,5.717947,5.740844,0.2379470062255855,0.2379470062255855,0.26084377288818317,0.26084377288818317,0.022896766662597656
2023,Hajdú-Bihar,barley,5.74,5.624,10.976,10.864,605.96,493.58,6.064821,6.074533,0.3248207664489744,0.3248207664489744,0.33453298568725565,0.33453298568725565,0.00971221923828125
2023,Hajdú-Bihar,maize,8.24,7.438,16.674,16.235,399.63,385.53,6.875705,6.744144,-1.364295234680176,1.364295234680176,-1.4958560371398928,1.4958560371398928,0.1315608024597168
2023,Hajdú-Bihar,wheat,6.05,5.314,10.976,10.864,605.96,493.58,5.7644315,5.7741437,-0.28556852340698224,0.28556852340698224,-0.275856304168701,0.275856304168701,-0.00971221923828125
2023,Heves,barley,6.13,5.272,10.392,10.334,715.66,527.23,5.5864534,5.630232,-0.5435465621948241,0.5435465621948241,-0.4997681427001952,0.4997681427001952,-0.043778419494628906
2023,Heves,maize,8.56,6.13,15.889,15.665,553.75,429.18,7.3177023,6.1322427,-1.2422977066040044,1.2422977066040044,-2.4277573204040532,2.4277573204040532,1.1854596138000488
2023,Heves,wheat,5.98,4.826,10.392,10.334,715.66,527.23,5.1940126,5.237791,-0.7859873580932621,0.7859873580932621,-0.7422089385986332,0.7422089385986332,-0.043778419494628906
2023,Jász-Nagykun-Szolnok,barley,5.33,4.932,11.255,11.133,549.94,483.09,5.4122696,5.3903813,0.08226959228515618,0.08226959228515618,0.06038133621215813,0.06038133621215813,-0.021888256072998047
2023,Jász-Nagykun-Szolnok,maize,5.81,5.18,16.989,16.482,361.45,381.55,5.003993,5.2429214,-0.8060069656372066,0.8060069656372066,-0.567078647613525,0.567078647613525,-0.23892831802368164
2023,Jász-Nagykun-Szolnok,wheat,5.55,4.642,11.255,11.133,549.94,483.09,5.0512786,5.0293903,-0.49872140884399396,0.49872140884399396,-0.520609664916992,0.520609664916992,0.021888256072998047
2023,Komárom-Esztergom,barley,5.06,5.44,10.484,10.592,611.68,553.79,5.7123823,5.748051,0.6523823165893559,0.6523823165893559,0.6880511665344242,0.6880511665344242,0.03566884994506836
2023,Komárom-Esztergom,maize,8.78,7.018,15.95,15.565,524.2,452.15,7.974814,7.071753,-0.8051860618591302,0.8051860618591302,-1.7082469749450677,1.7082469749450677,0.9030609130859375
2023,Komárom-Esztergom,wheat,5.64,5.394,10.484,10.592,611.68,553.79,5.703718,5.739387,0.06371818542480501,0.06371818542480501,0.09938703536987337,0.09938703536987337,0.03566884994506836
2023,Nógrád,barley,4.56,4.234,9.606,9.468,707.69,543.9,4.6027894,4.6389117,0.04278940200805703,0.04278940200805703,0.07891172409057656,0.07891172409057656,0.03612232208251953
2023,Nógrád,maize,7.15,5.53,14.86,14.606,590.68,454.37,6.817861,6.6263123,-0.3321389198303226,0.3321389198303226,-0.5236877441406254,0.5236877441406254,0.19154882431030273
2023,Nógrád,wheat,6.0,4.836,9.606,9.468,707.69,543.9,5.0802903,5.1164126,-0.9197096824645996,0.9197096824645996,-0.8835873603820801,0.8835873603820801,-0.03612232208251953
2023,Pest,barley,4.64,4.616,10.843,10.842,592.89,519.8,5.108966,5.1310315,0.46896587371826204,0.46896587371826204,0.49103151321411165,0.49103151321411165,0.02206563949584961
2023,Pest,maize,8.17,6.38,16.434,16.027,417.79,425.31,6.519009,6.3943405,-1.6509908866882324,1.6509908866882324,-1.7756594848632812,1.7756594848632812,0.12466859817504883
2023,Pest,wheat,5.2,4.618,10.843,10.842,592.89,519.8,5.1003017,5.1223674,-0.09969825744628924,0.09969825744628924,-0.07763261795043963,0.07763261795043963,-0.02206563949584961
2023,Somogy,barley,5.3,6.014,11.192,11.128,757.93,638.68,6.391977,6.4267507,1.091976833343506,1.091976833343506,1.1267506599426271,1.1267506599426271,0.034773826599121094
2023,Somogy,maize,8.74,8.412,16.489,16.004,541.76,503.31,9.0666275,8.442328,0.32662750244140604,0.32662750244140604,-0.29767154693603537,0.29767154693603537,-0.028955955505370667
2023,Somogy,wheat,5.62,5.968,11.192,11.128,757.93,638.68,6.3833127,6.4180865,0.763312702178955,0.763312702178955,0.7980865287780761,0.7980865287780761,0.034773826599121094
2023,Szabolcs-Szatmár-Bereg,barley,5.24,4.788,10.505,10.423,663.62,521.48,5.260369,5.2824345,0.02036882400512674,0.02036882400512674,0.04243446350097635,0.04243446350097635,0.02206563949584961
2023,Szabolcs-Szatmár-Bereg,maize,8.17,6.43,16.113,15.743,439.88,394.73,7.261348,5.8378,-0.908652229309082,0.908652229309082,-2.3321999740600585,2.3321999740600585,1.4235477447509766
2023,Szabolcs-Szatmár-Bereg,wheat,5.82,4.97,10.505,10.423,663.62,521.48,5.540012,5.5620775,-0.27998811721801786,0.27998811721801786,-0.25792247772216825,0.25792247772216825,-0.02206563949584961
2023,Tolna,barley,5.14,6.392,11.418,11.401,665.37,567.78,6.65418,6.6628838,1.5141800498962406,1.5141800498962406,1.5228837585449222,1.5228837585449222,0.00870370864868164
2023,Tolna,maize,9.15,7.46,16.953,16.414,440.13,454.65,8.148202,8.350932,-1.0017980575561527,1.0017980575561527,-0.7990678787231449,0.7990678787231449,-0.2027301788330078
2023,Tolna,wheat,5.78,6.018,11.418,11.401,665.37,567.78,6.4433656,6.4520693,0.6633655738830564,0.6633655738830564,0.672069282531738,0.672069282531738,0.00870370864868164
2023,Vas,barley,5.7,5.518,10.537,10.682,655.13,622.77,5.9249325,5.9385357,0.22493247985839826,0.22493247985839826,0.238535690307617,0.238535690307617,0.01360321044921875
2023,Vas,maize,9.35,8.068,15.827,15.561,641.68,513.4,8.665726,8.346182,-0.6842742919921871,0.6842742919921871,-1.0038181304931637,1.0038181304931637,0.31954383850097656
2023,Vas,wheat,6.9,5.908,10.537,10.682,655.13,622.77,6.3034983,6.3171015,-0.596501731872559,0.596501731872559,-0.5828985214233402,0.5828985214233402,-0.01360321044921875
2023,Veszprém,barley,4.69,4.832,10.656,10.795,679.81,611.5,5.228672,5.264144,0.5386720275878902,0.5386720275878902,0.5741439437866207,0.5741439437866207,0.03547191619873047
2023,Veszprém,maize,7.87,6.418,16.064,15.731,606.1,495.07,7.46365,7.430671,-0.40634977340698253,0.40634977340698253,-0.43932878494262706,0.43932878494262706,0.03297901153564453
2023,Veszprém,wheat,5.42,4.928,10.656,10.795,679.81,611.5,5.285568,5.32104,-0.13443176269531243,0.13443176269531243,-0.09895984649658196,0.09895984649658196,-0.03547191619873047
2023,Zala,barley,5.46,5.696,10.794,10.835,771.21,674.11,5.9889617,6.033589,0.5289616966247559,0.5289616966247559,0.5735888862609864,0.5735888862609864,0.04462718963623047
2023,Zala,maize,9.26,8.506,16.037,15.655,639.92,540.05,8.4319515,8.268317,-0.8280484771728513,0.8280484771728513,-0.9916827774047849,0.9916827774047849,0.1636343002319336
2023,Zala,wheat,5.52,5.93,10.794,10.835,771.21,674.11,6.3036118,6.348239,0.7836117553710942,0.7836117553710942,0.8282389450073246,0.8282389450073246,0.04462718963623047
2024,Bács-Kiskun,barley,5.51,5.736,13.299,11.385,462.47,524.23,6.1493096,6.155945,0.6393096351623537,0.6393096351623537,0.6459448242187502,0.6459448242187502,0.006635189056396484
2024,Bács-Kiskun,maize,4.56,6.288,18.278,16.622,313.43,422.74,5.009224,6.6687155,0.44922393798828164,0.44922393798828164,2.1087154769897465,2.1087154769897465,1.6594915390014648
2024,Bács-Kiskun,wheat,5.37,5.276,13.299,11.385,462.47,524.23,5.7850046,5.79164,0.4150046157836913,0.4150046157836913,0.4216398048400878,0.4216398048400878,0.006635189056396484
2024,Baranya,barley,5.98,6.326,13.198,11.434,613.22,626.11,6.6007724,6.6007724,0.620772380828857,0.620772380828857,0.620772380828857,0.620772380828857,0.0
2024,Baranya,maize,7.47,7.486,18.039,16.499,427.12,498.84,7.877349,8.900076,0.40734889984130884,0.40734889984130884,1.4300759124755862,1.4300759124755862,1.0227270126342773
2024,Baranya,wheat,6.69,5.882,13.198,11.434,613.22,626.11,6.207213,6.207213,-0.482787075042725,0.482787075042725,-0.482787075042725,0.482787075042725,0.0
2024,Békés,barley,5.71,5.266,13.269,11.373,467.7,506.25,5.6654625,5.7342567,-0.04453750610351559,0.04453750610351559,0.02425674438476566,0.02425674438476566,-0.02028076171874993
2024,Békés,maize,5.31,6.438,18.286,16.784,316.4,393.85,5.0087757,6.0101275,-0.3012242889404293,0.3012242889404293,0.7001275444030766,0.7001275444030766,0.39890325546264727
2024,Békés,wheat,5.88,5.104,13.269,11.373,467.7,506.25,5.6146746,5.683469,-0.26532543182373036,0.26532543182373036,-0.1965311813354491,0.1965311813354491,-0.06879425048828125
2024,Borsod-Abaúj-Zemplén,barley,5.19,5.506,11.541,9.953,653.12,534.13,5.968158,5.787673,0.7781577682495113,0.7781577682495113,0.5976729965209957,0.5976729965209957,-0.18048477172851562
2024,Borsod-Abaúj-Zemplén,maize,7.17,7.282,16.615,15.322,461.44,453.33,8.006765,7.4853487,0.836765365600586,0.836765365600586,0.31534870147705085,0.31534870147705085,-0.5214166641235352
2024,Borsod-Abaúj-Zemplén,wheat,5.81,5.438,11.541,9.953,653.12,534.13,5.745477,5.5649924,-0.06452280044555625,0.06452280044555625,-0.24500757217407187,0.24500757217407187,0.18048477172851562
2024,Csongrád-Csanád,barley,5.49,5.228,13.523,11.58,436.48,506.4,5.602552,5.729887,0.11255193710327127,0.11255193710327127,0.23988700866699197,0.23988700866699197,0.1273350715637207
2024,Csongrád-Csanád,maize,3.85,5.188,18.568,16.923,293.39,408.96,4.120132,5.290623,0.2701319694519042,0.2701319694519042,1.4406231880187987,1.4406231880187987,1.1704912185668945
2024,Csongrád-Csanád,wheat,5.05,4.68,13.523,11.58,436.48,506.4,5.2066965,5.345496,0.15669651031494158,0.15669651031494158,0.29549617767334,0.29549617767334,0.13879966735839844
2024,Fejér,barley,5.82,6.09,12.848,11.129,535.07,527.5,6.454702,6.465499,0.6347019004821775,0.6347019004821775,0.6454989242553708,0.6454989242553708,0.01079702377319336
2024,Fejér,maize,5.58,6.58,17.752,16.294,384.17,434.7,6.5452313,7.3834286,0.9652313423156738,0.9652313423156738,1.8034285736083984,1.8034285736083984,0.8381972312927246
2024,Fejér,wheat,6.2,5.68,12.848,11.129,535.07,527.5,6.1472807,6.1580777,-0.05271930694580096,0.05271930694580096,-0.0419222831726076,0.0419222831726076,-0.01079702377319336
2024,Győr-Moson-Sopron,barley,5.14,5.48,12.601,11.03,639.5,529.52,5.784819,5.8272166,0.6448191261291507,0.6448191261291507,0.6872166252136234,0.6872166252136234,0.042397499084472656
2024,Győr-Moson-Sopron,maize,6.93,6.798,17.308,16.009,510.77,446.08,8.200984,6.735071,1.2709840011596683,1.2709840011596683,-0.19492881774902315,0.19492881774902315,-1.076055183410645
2024,Győr-Moson-Sopron,wheat,5.51,5.386,12.601,11.03,639.5,529.52,5.776155,5.8185525,0.2661549949645998,0.2661549949645998,0.3085524940490725,0.3085524940490725,0.042397499084472656
2024,Hajdú-Bihar,barley,5.76,5.834,12.677,10.917,503.89,495.8,6.1276517,6.1384487,0.3676516914367678,0.3676516914367678,0.37844871520996115,0.37844871520996115,0.01079702377319336
2024,Hajdú-Bihar,maize,6.82,7.276,17.698,16.345,318.96,382.2,5.585364,6.6258492,-1.2346361351013186,1.2346361351013186,-0.19415075302124052,0.19415075302124052,-1.0404853820800781
2024,Hajdú-Bihar,wheat,6.19,5.46,12.677,10.917,503.89,495.8,5.8410554,5.8518524,-0.34894460678100625,0.34894460678100625,-0.3381475830078129,0.3381475830078129,-0.01079702377319336
2024,Heves,barley,5.14,5.568,11.936,10.371,638.24,531.73,5.968158,5.921957,0.828157768249512,0.828157768249512,0.7819570159912113,0.7819570159912113,-0.04620075225830078
2024,Heves,maize,5.9,6.336,16.981,15.729,433.98,439.66,7.0325127,6.7698383,1.1325126647949215,1.1325126647949215,0.8698383331298825,0.8698383331298825,-0.26267433166503906
2024,Heves,wheat,5.57,5.07,11.936,10.371,638.24,531.73,5.5820785,5.5358777,0.012078456878661825,0.012078456878661825,-0.034122295379638956,0.034122295379638956,0.02204383850097713
2024,Jász-Nagykun-Szolnok,barley,5.25,5.1,12.993,11.185,492.47,480.2,5.665203,5.676,0.4152030944824219,0.4152030944824219,0.42600011825561523,0.42600011825561523,0.01079702377319336
2024,Jász-Nagykun-Szolnok,maize,5.53,5.264,18.001,16.61,346.02,376.79,4.787229,5.2218385,-0.7427709388732913,0.7427709388732913,-0.3081615257263186,0.3081615257263186,-0.43460941314697266
2024,Jász-Nagykun-Szolnok,wheat,5.35,4.85,12.993,11.185,492.47,480.2,5.30536,5.316157,-0.04464015960693324,0.04464015960693324,-0.03384313583373988,0.03384313583373988,-0.01079702377319336
2024,Komárom-Esztergom,barley,5.29,5.456,12.296,10.62,619.4,551.4,5.791263,5.748051,0.5012631034851074,0.5012631034851074,0.4580511665344238,0.4580511665344238,-0.043211936950683594
2024,Komárom-Esztergom,maize,5.98,6.938,17.009,15.686,438.44,461.54,7.8894114,7.3236446,1.9094114494323726,1.9094114494323726,1.343644638061523,1.343644638061523,-0.5657668113708496
2024,Komárom-Esztergom,wheat,5.26,5.458,12.296,10.62,619.4,551.4,5.782599,5.739387,0.5225989723205569,0.5225989723205569,0.47938703536987326,0.47938703536987326,-0.043211936950683594
2024,Nógrád,barley,5.78,4.328,11.11,9.532,663.21,547.75,4.8062453,4.647927,-0.9737546730041506,0.9737546730041506,-1.1320731925964358,1.1320731925964358,0.15831851959228516
2024,Nógrád,maize,5.19,5.742,15.996,14.678,439.43,469.3,6.3190536,6.690228,1.1290536499023434,1.1290536499023434,1.5002279853820797,1.5002279853820797,0.37117433547973633
2024,Nógrád,wheat,5.33,5.064,11.11,9.532,663.21,547.75,5.572818,5.4144993,0.24281780242919915,0.24281780242919915,0.08449928283691399,0.08449928283691399,-0.15831851959228516
2024,Pest,barley,4.29,4.668,12.546,10.884,546.71,519.19,5.3824534,5.3932505,1.092453441619873,1.092453441619873,1.1032504653930664,1.1032504653930664,0.01079702377319336
2024,Pest,maize,4.38,6.336,17.497,16.148,384.97,426.91,6.341501,6.7427173,1.9615012359619142,1.9615012359619142,2.362717266082764,2.362717266082764,0.4012160301208496
2024,Pest,wheat,5.13,4.704,12.546,10.884,546.71,519.19,5.3737893,5.3845863,0.24378931045532237,0.24378931045532237,0.25458633422851573,0.25458633422851573,0.01079702377319336
2024,Somogy,barley,6.06,6.096,12.839,11.196,643.67,638.89,6.3913965,6.4021935,0.33139652252197305,0.33139652252197305,0.3421935462951664,0.3421935462951664,0.01079702377319336
2024,Somogy,maize,6.78,8.134,17.629,16.155,484.15,509.36,9.573258,8.892051,2.7932583999633787,2.7932583999633787,2.112050743103027,2.112050743103027,-0.6812076568603516
2024,Somogy,wheat,6.15,6.014,12.839,11.196,643.67,638.89,6.4072895,6.4180865,0.25728950500488246,0.25728950500488246,0.2680865287780758,0.2680865287780758,0.01079702377319336
2024,Szabolcs-Szatmár-Bereg,barley,4.65,4.964,12.128,10.461,606.68,525.95,5.6169815,5.5707417,0.9669815063476559,0.9669815063476559,0.9207416534423825,0.9207416534423825,-0.04623985290527344
2024,Szabolcs-Szatmár-Bereg,maize,6.21,6.678,17.145,15.821,424.63,397.13,7.0588884,5.837585,0.8488884353637696,0.8488884353637696,-0.37241502761840817,0.37241502761840817,-0.4764734077453614
2024,Szabolcs-Szatmár-Bereg,wheat,5.27,5.164,12.128,10.461,606.68,525.95,5.695737,5.649497,0.4257368850708012,0.4257368850708012,0.37949703216552777,0.37949703216552777,-0.04623985290527344
2024,Tolna,barley,5.95,6.32,13.317,11.45,544.51,567.33,6.81447,6.684723,0.8644698143005369,0.8644698143005369,0.7347229003906248,0.7347229003906248,-0.1297469139099121
2024,Tolna,maize,6.15,7.334,18.204,16.584,382.33,454.13,7.1908646,8.601912,1.040864562988281,1.040864562988281,2.4519115447998043,2.4519115447998043,1.4110469818115234
2024,Tolna,wheat,6.46,5.998,13.317,11.45,544.51,567.33,6.581816,6.4520693,0.12181619644165043,0.12181619644165043,-0.007930717468261683,0.007930717468261683,-0.11388547897338874
2024,Vas,barley,5.42,5.818,12.134,10.718,679.03,618.52,6.0571537,6.0024514,0.6371537017822266,0.6371537017822266,0.5824514198303223,0.5824514198303223,-0.0547022819519043
2024,Vas,maize,6.91,8.356,16.934,15.657,597.63,531.69,9.106981,8.321508,2.19698127746582,2.19698127746582,1.4115084075927733,1.4115084075927733,-0.7854728698730469
2024,Vas,wheat,5.81,6.266,12.134,10.718,679.03,618.52,6.575591,6.520889,0.765591087341309,0.765591087341309,0.7108888053894047,0.7108888053894047,-0.0547022819519043
2024,Veszprém,barley,4.52,5.044,12.48,10.82,632.44,609.92,5.581461,5.592258,1.0614609527587895,1.0614609527587895,1.0722579765319828,1.0722579765319828,0.01079702377319336
2024,Veszprém,maize,6.49,6.442,17.238,15.839,488.22,511.66,8.1780405,7.514673,1.6880405044555662,1.6880405044555662,1.0246732330322263,1.0246732330322263,-0.6633672714233398
2024,Veszprém,wheat,4.69,5.096,12.48,10.82,632.44,609.92,5.6258893,5.6366863,0.9358893013000484,0.9358893013000484,0.9466863250732418,0.9466863250732418,0.01079702377319336
2024,Zala,barley,5.86,5.836,12.364,10.882,682.05,676.69,6.022792,6.033589,0.16279186248779265,0.16279186248779265,0.173588886260986,0.173588886260986,0.01079702377319336
2024,Zala,maize,7.37,8.44,17.187,15.771,595.77,554.94,9.480787,8.487908,2.1107872772216796,2.1107872772216796,1.117908363342285,1.117908363342285,-0.9928789138793945
2024,Zala,wheat,6.12,6.008,12.364,10.882,682.05,676.69,6.337442,6.348239,0.21744192123413075,0.21744192123413075,0.2282389450073241,0.2282389450073241,0.01079702377319336
2025,Bács-Kiskun,barley,6.29,5.716,11.119,12.01,440.76,515.1,5.91384,6.1340566,-0.3761601829528809,0.3761601829528809,-0.15594343185424808,0.15594343185424808,-0.2202167510986328
2025,Bács-Kiskun,maize,4.25,5.746,16.838,17.193,251.98,390.55,3.8551326,5.8244495,-0.3948674201965332,0.3948674201965332,1.5744495391845703,1.5744495391845703,1.179582118988037
2025,Bács-Kiskun,wheat,6.14,5.314,11.119,12.01,440.76,515.1,5.549535,5.7697515,-0.5904652023315426,0.5904652023315426,-0.37024845123290984,0.37024845123290984,-0.2202167510986328
2025,Baranya,barley,6.33,6.218,11.194,12.014,569.35,621.4,6.620273,6.6007724,0.29027311325073235,0.29027311325073235,0.27077238082885735,0.27077238082885735,-0.019500732421875
2025,Baranya,maize,6.0,7.09,16.654,17.035,337.64,471.71,5.1714945,8.579283,-0.8285055160522461,0.8285055160522461,2.579282760620117,2.579282760620117,1.750777244567871
2025,Baranya,wheat,7.13,5.982,11.194,12.014,569.35,621.4,6.4108505,6.39135,-0.7191494750976561,0.7191494750976561,-0.7386502075195311,0.7386502075195311,0.019500732421875
2025,Békés,barley,5.4,5.39,11.124,11.975,378.33,498.94,4.9210873,5.8119655,-0.4789127349853519,0.4789127349853519,0.41196546554565394,0.41196546554565394,-0.06694726943969798
2025,Békés,maize,2.72,5.876,16.937,17.296,252.01,366.88,3.857986,6.0060434,1.137985973358154,1.137985973358154,3.286043434143066,3.286043434143066,2.148057460784912
2025,Békés,wheat,4.5,5.362,11.124,11.975,378.33,498.94,4.8914356,5.7255926,0.3914356231689453,0.3914356231689453,1.2255926132202148,1.2255926132202148,0.8341569900512695
2025,Borsod-Abaúj-Zemplén,barley,5.79,5.49,9.844,10.465,465.41,547.5,5.7577806,5.921957,-0.032219448089599645,0.032219448089599645,0.1319570159912109,0.1319570159912109,0.09973756790161126
2025,Borsod-Abaúj-Zemplén,maize,6.35,6.982,15.256,15.741,411.42,446.9,6.0587645,6.9523516,-0.2912355422973629,0.2912355422973629,0.6023515701293949,0.6023515701293949,0.31111602783203196
2025,Borsod-Abaúj-Zemplén,wheat,5.74,5.53,9.844,10.465,465.41,547.5,5.7491164,5.913293,0.009116420745849396,0.009116420745849396,0.17329288482665994,0.17329288482665994,0.16417646408081055
2025,Csongrád-Csanád,barley,5.87,5.348,11.316,12.208,406.74,492.88,5.157301,5.772011,-0.7126990509033204,0.7126990509033204,-0.09798919677734386,0.09798919677734386,-0.6147098541259766
2025,Csongrád-Csanád,maize,3.57,4.588,17.181,17.486,238.73,371.56,3.7204797,5.057267,0.150479726791382,0.150479726791382,1.487267189025879,1.487267189025879,1.336787462234497
2025,Csongrád-Csanád,wheat,4.67,4.8,11.316,12.208,406.74,492.88,4.8717937,5.3700438,0.20179374694824226,0.20179374694824226,0.7000437545776368,0.7000437545776368,0.49825000762939453
2025,Fejér,barley,6.05,6.01,10.864,11.7,447.41,528.71,6.2723107,6.479259,0.2223107337951662,0.2223107337951662,0.42925901412963885,0.42925901412963885,0.20694828033447266
2025,Fejér,maize,4.65,6.08,16.435,16.802,310.16,413.98,4.59324,5.8815203,-0.0567602157592777,0.0567602157592777,1.2315202713012692,1.2315202713012692,1.1747600555419915
2025,Fejér,wheat,5.9,5.802,10.864,11.7,447.41,528.71,5.9403324,6.1472807,0.04033241271972621,0.04033241271972621,0.24728069305419886,0.24728069305419886,0.20694828033447266
2025,Győr-Moson-Sopron,barley,5.98,5.416,10.808,11.555,497.13,534.73,5.75523,5.8164196,-0.22477005004882855,0.22477005004882855,-0.16358039855957074,0.16358039855957074,-0.06118965148925781
2025,Győr-Moson-Sopron,maize,7.63,6.92,16.018,16.457,403.94,438.52,5.8035502,7.35871,-1.8264497566223143,1.8264497566223143,-0.27129018783569325,0.27129018783569325,-1.555159568786621
2025,Győr-Moson-Sopron,wheat,5.96,5.404,10.808,11.555,497.13,534.73,5.746566,5.8077555,-0.21343418121337887,0.21343418121337887,-0.15224452972412106,0.15224452972412106,-0.06118965148925781
2025,Hajdú-Bihar,barley,5.6,5.82,10.654,11.479,436.21,501.87,5.9373126,6.1276517,0.3373126029968265,0.3373126029968265,0.5276516914367679,0.5276516914367679,0.1903390884399414
2025,Hajdú-Bihar,maize,5.4,6.888,16.262,16.802,330.94,369.02,5.3132744,6.2641783,-0.08672561645507848,0.08672561645507848,0.8641782760620114,0.8641782760620114,0.7774526596069329
2025,Hajdú-Bihar,wheat,5.31,5.61,10.654,11.479,436.21,501.87,5.8647327,6.055072,0.5547327423095707,0.5547327423095707,0.7450718307495121,0.7450718307495121,0.1903390884399414
2025,Heves,barley,5.61,5.388,10.168,10.882,420.21,547.41,5.401256,5.796539,-0.20874391555786165,0.20874391555786165,0.18653882980346648,0.18653882980346648,-0.02220508575439517
2025,Heves,maize,3.75,5.774,15.753,16.152,346.45,431.17,4.7801,6.2265544,1.030099868774414,1.030099868774414,2.4765543937683105,2.4765543937683105,1.4464545249938965
2025,Heves,wheat,5.18,5.096,10.168,10.882,420.21,547.41,5.339007,5.6775684,0.1590069007873538,0.1590069007873538,0.4975684356689456,0.4975684356689456,0.3385615348815918
2025,Jász-Nagykun-Szolnok,barley,5.49,5.07,10.97,11.764,380.62,482.36,4.7734265,5.6121106,-0.7165734672546389,0.7165734672546389,0.12211061477661111,0.12211061477661111,-0.5944628524780278
2025,Jász-Nagykun-Szolnok,maize,3.75,5.13,16.775,17.09,261.55,357.45,3.5321965,4.9282737,-0.2178034782409668,0.2178034782409668,1.1782736778259277,1.1782736778259277,0.9604701995849609
2025,Jász-Nagykun-Szolnok,wheat,4.33,4.924,10.97,11.764,380.62,482.36,4.6078324,5.37092,0.2778324317932128,0.2778324317932128,1.040920181274414,1.040920181274414,0.7630877494812012
2025,Komárom-Esztergom,barley,5.88,5.364,10.372,11.165,456.07,559.15,5.564604,5.733055,-0.3153961944580077,0.3153961944580077,-0.14694488525390614,0.14694488525390614,-0.16845130920410156
2025,Komárom-Esztergom,maize,5.26,6.634,15.742,16.133,342.25,447.33,5.4455733,7.2644196,0.18557332992553732,0.18557332992553732,2.0044195556640627,2.0044195556640627,1.8188462257385254
2025,Komárom-Esztergom,wheat,5.26,5.39,10.372,11.165,456.07,559.15,5.6336484,5.8020997,0.3736483955383303,0.3736483955383303,0.5420997047424319,0.5420997047424319,0.16845130920410156
2025,Nógrád,barley,4.1,4.608,9.289,10.032,396.22,560.98,4.2710476,4.92623,0.1710475921630863,0.1710475921630863,0.8262299537658695,0.8262299537658695,0.6551823616027832
2025,Nógrád,maize,4.4,5.432,14.716,15.087,359.27,457.37,5.08432,6.445269,0.6843200683593746,0.6843200683593746,2.045269107818603,2.045269107818603,1.3609490394592285
2025,Nógrád,wheat,4.81,5.012,9.289,10.032,396.22,560.98,4.6869555,5.502419,-0.12304454803466758,0.12304454803466758,0.6924189949035648,0.6924189949035648,0.5693744468688973
2025,Pest,barley,4.73,4.578,10.617,11.434,411.2,526.04,4.534168,5.1002474,-0.1958322334289555,0.1958322334289555,0.37024738311767535,0.37024738311767535,0.17441514968871985
2025,Pest,maize,3.61,5.682,16.274,16.612,289.68,409.74,4.248248,5.5878434,0.6382481002807618,0.6382481002807618,1.977843418121338,1.977843418121338,1.3395953178405762
2025,Pest,wheat,4.75,4.782,10.617,11.434,411.2,526.04,4.7544055,5.3737893,0.004405498504638672,0.004405498504638672,0.6237893104553223,0.6237893104553223,0.6193838119506836
2025,Somogy,barley,6.7,6.02,11.03,11.734,571.9,634.92,6.4354544,6.4159536,-0.2645456314086916,0.2645456314086916,-0.2840463638305666,0.2840463638305666,0.019500732421875
2025,Somogy,maize,5.91,7.546,16.313,16.659,385.49,485.83,6.3162894,8.708517,0.4062894248962401,0.4062894248962401,2.798517074584961,2.798517074584961,2.3922276496887207
2025,Somogy,wheat,6.62,6.05,11.03,11.734,571.9,634.92,6.42679,6.4072895,-0.1932097625732423,0.1932097625732423,-0.2127104949951173,0.2127104949951173,0.019500732421875
2025,Szabolcs-Szatmár-Bereg,barley,4.74,4.91,10.271,10.991,486.35,541.26,5.338839,5.451645,0.5988390541076658,0.5988390541076658,0.7116448974609373,0.7116448974609373,0.11280584335327148
2025,Szabolcs-Szatmár-Bereg,maize,5.98,6.45,15.7,16.247,344.14,396.24,5.4112144,6.101555,-0.5687856483459477,0.5687856483459477,0.12155487060546832,0.12155487060546832,-0.44723077774047937
2025,Szabolcs-Szatmár-Bereg,wheat,5.24,5.23,10.271,10.991,486.35,541.26,5.6483912,5.761197,0.4083912467956541,0.4083912467956541,0.5211970901489256,0.5211970901489256,0.11280584335327148
2025,Tolna,barley,6.06,6.246,11.204,12.059,513.85,565.2,6.6589537,6.684723,0.5989536666870121,0.5989536666870121,0.6247229003906254,0.6247229003906254,0.02576923370361328
2025,Tolna,maize,5.98,6.766,16.777,17.143,319.3,429.59,4.5772314,7.0584116,-1.402768592834473,1.402768592834473,1.078411598205566,1.078411598205566,-0.3243569946289071
2025,Tolna,wheat,6.79,6.106,11.204,12.059,513.85,565.2,6.429783,6.427512,-0.3602171325683594,0.3602171325683594,-0.3624878311157227,0.3624878311157227,0.0022706985473632812
2025,Vas,barley,5.81,5.688,10.599,11.196,530.68,611.84,6.024517,6.0679507,0.21451705932617227,0.21451705932617227,0.2579507255554203,0.2579507255554203,0.04343366622924805
2025,Vas,maize,7.36,8.042,15.819,16.095,427.36,521.6,7.2612886,8.978719,-0.09871135711669954,0.09871135711669954,1.6187187576293942,1.6187187576293942,1.5200074005126947
2025,Vas,wheat,6.29,6.236,10.599,11.196,530.68,611.84,6.5429544,6.586388,0.25295444488525387,0.25295444488525387,0.2963881111145019,0.2963881111145019,0.04343366622924805
2025,Veszprém,barley,5.37,4.95,10.679,11.359,492.44,608.79,5.2825947,5.3597317,-0.0874053192138673,0.0874053192138673,-0.010268325805664169,0.010268325805664169,-0.07713699340820312
2025,Veszprém,maize,5.47,6.352,15.995,16.313,381.57,489.36,5.6441836,7.8439684,0.17418363571167017,0.17418363571167017,2.3739683914184573,2.3739683914184573,2.199784755706787
2025,Veszprém,wheat,5.15,5.048,10.679,11.359,492.44,608.79,5.506457,5.583594,0.35645685195922816,0.35645685195922816,0.4335938453674313,0.4335938453674313,0.07713699340820312
2025,Zala,barley,6.35,5.806,10.858,11.363,575.42,667.22,6.033589,6.033589,-0.3164111137390133,0.3164111137390133,-0.3164111137390133,0.3164111137390133,0.0
2025,Zala,maize,7.12,8.162,16.01,16.237,428.49,537.26,7.173917,8.99166,0.053916816711425675,0.053916816711425675,1.8716601181030272,1.8716601181030272,1.8177433013916016
2025,Zala,wheat,6.79,6.074,10.858,11.363,575.42,667.22,6.323682,6.323682,-0.46631816864013675,0.46631816864013675,-0.46631816864013675,0.46631816864013675,0.0
