period,crop,records,actual_weather_mae,expected_weather_mae,mae_increase,temperature_input_mae_c,precipitation_input_mae_mm,mean_abs_prediction_change
2023-2025,ALL,171,0.5727786644718104,0.7631416890774554,0.19036302460564503,0.8123040935672514,73.99549707602338,0.4271293
2023-2025,barley,57,0.48027967720700987,0.48776164606997846,0.007481968862968591,0.8500000000000001,76.34982456140351,0.12818713
2023-2025,maize,57,0.8734724755872759,1.351440372467041,0.47796789687976504,0.7369122807017545,69.28684210526316,1.0268372
2023-2025,wheat,57,0.3645838406211451,0.45022304869534674,0.08563920807420161,0.8500000000000001,76.34982456140351,0.1263635
2023,ALL,57,0.6112898863407605,0.7470212230347751,0.1357313366940146,0.20564912280701764,81.55052631578947,0.20915599
2023,barley,19,0.4913384236787494,0.5362732987654836,0.04493487508673416,0.09821052631578955,90.9321052631579,0.055617634
2023,maize,19,0.8560318254169663,1.1856879475242217,0.32965612210725537,0.4205263157894738,62.78736842105263,0.5162327
2023,wheat,19,0.48649940992656515,0.5191024228146202,0.032603012888055005,0.09821052631578955,90.9321052631579,0.055617634
2024,ALL,57,0.7159482397112931,0.7085490036010743,-0.007399236110218754,1.600824561403509,50.09052631578947,0.3242377
2024,barley,19,0.6146099150808233,0.608788766359028,-0.005821148721795288,1.6936315789473686,50.222631578947365,0.051560327
2024,maize,19,1.2257692808853953,1.213813475558632,-0.011955805326763214,1.4152105263157901,49.82631578947369,0.86898905
2024,wheat,19,0.3074655231676604,0.30304476888556237,-0.004420754282098038,1.6936315789473686,50.222631578947365,0.052163728
2025,ALL,57,0.39109786736337765,0.8338548405965168,0.4427569732331392,0.6304385964912274,90.34543859649122,0.7479942
2025,barley,19,0.3348906928614568,0.3182228730854235,-0.016667819776033266,0.7581578947368415,87.89473684210526,0.27738345
2025,maize,19,0.5386163204594662,1.6548196943182694,1.116203373858803,0.37499999999999956,95.24684210526316,1.69529
2025,wheat,19,0.29978658876920994,0.5285219543858579,0.22873536561664798,0.7581578947368415,87.89473684210526,0.27130914
