model,crop,comparison,mae_before,mae_after,mae_gain,rmse_gain,better_mae_folds,folds
xgboost,ALL,soil_added_to_base,1.0159371330863551,1.0735123425408413,-0.05757520945448613,-0.04649268544516216,0,4
xgboost,ALL,weather_added_to_base,1.0159371330863551,0.9030030412004705,0.11293409188588466,0.15592814257000054,4,4
xgboost,ALL,soil_added_to_weather,0.9030030412004705,0.884403605356551,0.018599435843919432,0.06334868820516926,4,4
xgboost,ALL,weather_added_to_soil,1.0735123425408413,0.884403605356551,0.18910873718429022,0.26576951622033196,4,4
xgboost,barley,soil_added_to_base,0.6260463852631418,0.6963304481380864,-0.0702840628749446,-0.06088871812514429,0,4
xgboost,barley,weather_added_to_base,0.6260463852631418,0.5638446165386,0.06220176872454186,0.09382454920448569,3,4
xgboost,barley,soil_added_to_weather,0.5638446165386,0.5738144217039409,-0.009969805165340961,-0.024350208720153588,1,4
xgboost,barley,weather_added_to_soil,0.6963304481380864,0.5738144217039409,0.1225160264341455,0.1303630586094764,4,4
xgboost,maize,soil_added_to_base,1.795922276597274,1.8244439713578473,-0.028521694760573313,-0.047196313526836065,3,4
xgboost,maize,weather_added_to_base,1.795922276597274,1.6005468861680283,0.19537539042924568,0.23385984973797225,4,4
xgboost,maize,soil_added_to_weather,1.6005468861680283,1.5083133980474974,0.0922334881205309,0.13549711215371385,4,4
xgboost,maize,weather_added_to_soil,1.8244439713578473,1.5083133980474974,0.3161305733103499,0.41655327541852216,4,4
xgboost,wheat,soil_added_to_base,0.6258427373986496,0.6997626081265901,-0.07391987072794048,-0.06119906250563911,0,4
xgboost,wheat,weather_added_to_base,0.6258427373986496,0.5446176208947835,0.0812251165038661,0.10013222628822005,3,4
xgboost,wheat,soil_added_to_weather,0.5446176208947835,0.5710829963182148,-0.026465375423431303,-0.013864165102012271,2,4
xgboost,wheat,weather_added_to_soil,0.6997626081265901,0.5710829963182148,0.12867961180837528,0.1474671236918469,4,4
ridge,ALL,soil_added_to_base,0.9631025957021534,0.9720755050044305,-0.008972909302277121,-0.003711244092438948,1,4
ridge,ALL,weather_added_to_base,0.9631025957021534,0.8841484905152773,0.07895410518687607,0.11235155229930593,4,4
ridge,ALL,soil_added_to_weather,0.8841484905152773,0.8854265982778106,-0.0012781077625332316,-0.00413853197087799,2,4
ridge,ALL,weather_added_to_soil,0.9720755050044305,0.8854265982778106,0.08664890672661996,0.11192426442086689,4,4
ridge,barley,soil_added_to_base,0.6935854026209537,0.7042600092068131,-0.010674606585859392,-0.014201754102321495,1,4
ridge,barley,weather_added_to_base,0.6935854026209537,0.5846621308472556,0.1089232717736981,0.0975148878139569,4,4
ridge,barley,soil_added_to_weather,0.5846621308472556,0.5762073307352702,0.008454800111985405,0.004804560083069509,3,4
ridge,barley,weather_added_to_soil,0.7042600092068131,0.5762073307352702,0.1280526784715429,0.1165212019993479,4,4
ridge,maize,soil_added_to_base,1.6243878034547408,1.632784879826387,-0.008397076371646328,0.00019836460047484294,1,4
ridge,maize,weather_added_to_base,1.6243878034547408,1.5378362730124138,0.086551530442327,0.15343609047841822,2,4
ridge,maize,soil_added_to_weather,1.5378362730124138,1.5397539861298009,-0.0019177131173870876,-0.0063363353476493245,1,4
ridge,maize,weather_added_to_soil,1.632784879826387,1.5397539861298009,0.09303089369658624,0.14690139053029405,3,4
ridge,wheat,soil_added_to_base,0.5713345810307654,0.5791816259800913,-0.007847044949325865,-0.005794555656263856,1,4
ridge,wheat,weather_added_to_base,0.5713345810307654,0.5299470676861627,0.04138751334460267,0.08326003153010908,2,4
ridge,wheat,soil_added_to_weather,0.5299470676861627,0.5403184779683606,-0.010371410282197902,-0.010003068224246014,1,4
ridge,wheat,weather_added_to_soil,0.5791816259800913,0.5403184779683606,0.03886314801173063,0.07905151896212692,2,4
