period,crop,model,features,records,mae,rmse,r2,bias
POOLED,ALL,baseline,five_year_mean,456,0.9892982456140351,1.3888652568749735,0.13675711202230656,-0.31265789473684213
POOLED,ALL,ridge,base,456,0.9631025957021534,1.4206737966306067,0.09676341182907777,-0.15262969600993492
POOLED,ALL,ridge,base_soil,456,0.9720755050044305,1.4243850407230456,0.0920381753004137,-0.16553653448257657
POOLED,ALL,ridge,base_weather,456,0.8841484905152773,1.3083222443313007,0.23397625516234077,-0.07060711588382876
POOLED,ALL,ridge,full,456,0.8854265982778106,1.3124607763021787,0.22912236256928697,-0.01710490671789129
POOLED,ALL,xgboost,base,456,1.0159371330863551,1.4888418409187762,0.008004021346780243,-0.08642469510697479
POOLED,ALL,xgboost,base_soil,456,1.0735123425408413,1.5353345263639384,-0.05491826986046,-0.18742465222091015
POOLED,ALL,xgboost,base_weather,456,0.9030030412004705,1.3329136983487757,0.20490898897718202,0.02209509640409233
POOLED,ALL,xgboost,full,456,0.884403605356551,1.2695650101436065,0.2786888091477071,-0.005708976607573683
POOLED,barley,baseline,five_year_mean,152,0.7546710526315789,0.8687118261207829,-0.12414253251951335,-0.5587763157894736
POOLED,barley,ridge,base,152,0.6935854026209537,0.8264429803939751,-0.017409299166045944,-0.43379975581032015
POOLED,barley,ridge,base_soil,152,0.7042600092068131,0.8406447344962966,-0.05267644812608219,-0.4497289863049618
POOLED,barley,ridge,base_weather,152,0.5846621308472556,0.7289280925800182,0.20852119665291213,-0.33518435375027356
POOLED,barley,ridge,full,152,0.5762073307352702,0.7241235324969487,0.21892050811471298,-0.2884919018304247
POOLED,barley,xgboost,base,152,0.6260463852631418,0.7853315124374559,0.08129525135774018,-0.24077111884167324
POOLED,barley,xgboost,base_soil,152,0.6963304481380864,0.8462202305626002,-0.06668630648081475,-0.340522774834382
POOLED,barley,xgboost,base_weather,152,0.5638446165386,0.6915069632329702,0.287699863368998,-0.2616585595984208
POOLED,barley,xgboost,full,152,0.5738144217039409,0.7158571719531238,0.2366518224302634,-0.30744686026322215
POOLED,maize,baseline,five_year_mean,152,1.6145789473684211,2.1089280889140167,-0.1252319654144285,-0.05478947368421055
POOLED,maize,ridge,base,152,1.6243878034547408,2.1887698657795878,-0.21204493290780757,0.20822979697441865
POOLED,maize,ridge,base_soil,152,1.632784879826387,2.188571501179113,-0.21182525159924204,0.1978405370503229
POOLED,maize,ridge,base_weather,152,1.5378362730124138,2.0353337753011695,-0.048068812076424994,0.18174985375413535
POOLED,maize,ridge,full,152,1.5397539861298009,2.041670110648819,-0.054604597688754364,0.2389170643620019
POOLED,maize,xgboost,base,152,1.795922276597274,2.324758997749695,-0.3673333075242924,0.12595501447978777
POOLED,maize,xgboost,base_soil,152,1.8244439713578473,2.371955311276531,-0.42341495199147605,-0.005886158817692844
POOLED,maize,xgboost,base_weather,152,1.6005468861680283,2.0908991480117227,-0.1060752891752974,0.41210948228836064
POOLED,maize,xgboost,full,152,1.5083133980474974,1.9554020358580089,0.03263438890960335,0.43442004511230875
POOLED,wheat,baseline,five_year_mean,152,0.5986447368421053,0.764592822494775,-0.20794960289290154,-0.3244078947368421
POOLED,wheat,ridge,base,152,0.5713345810307654,0.7623782421549008,-0.20096228295559304,-0.2323191291939034
POOLED,wheat,ridge,base_soil,152,0.5791816259800913,0.7681727978111647,-0.21928780422936223,-0.24472115419309096
POOLED,wheat,ridge,base_weather,152,0.5299470676861627,0.6791182106247917,0.04703020792948642,-0.058386847655348066
POOLED,wheat,ridge,full,152,0.5403184779683606,0.6891212788490377,0.01874992609356607,-0.0017398826852510602
POOLED,wheat,xgboost,base,152,0.6258427373986496,0.7929061103092624,-0.2990680780236261,-0.144457980959039
POOLED,wheat,xgboost,base_soil,152,0.6997626081265901,0.8541051728149015,-0.5073395207454356,-0.2158650230106555
POOLED,wheat,xgboost,base_weather,152,0.5446176208947835,0.6927738840210423,0.008320360781230884,-0.08416563347766277
POOLED,wheat,xgboost,full,152,0.5710829963182148,0.7066380491230546,-0.03176886565930781,-0.14410011467180758
