crop,comparison,mae_before,mae_after,mae_gain,rmse_gain,better_mae_folds,folds
ALL,soil_vs_no_soil,0.9030030412004705,0.884403605356551,0.018599435843919432,0.06334868820516926,4,4
ALL,county_vs_no_soil,0.9030030412004705,0.899262034391102,0.003741006809368508,0.0345674445753803,1,4
ALL,soil_vs_county,0.899262034391102,0.884403605356551,0.014858429034550924,0.028781243629788955,4,4
barley,soil_vs_no_soil,0.5638446165386,0.5738144217039409,-0.009969805165340961,-0.024350208720153588,1,4
barley,county_vs_no_soil,0.5638446165386,0.5779169240750764,-0.01407230753647648,-0.01991040603247407,1,4
barley,soil_vs_county,0.5779169240750764,0.5738144217039409,0.004102502371135519,-0.004439802687679517,2,4
maize,soil_vs_no_soil,1.6005468861680283,1.5083133980474974,0.0922334881205309,0.13549711215371385,4,4
maize,county_vs_no_soil,1.6005468861680283,1.5525788018577977,0.047968084310230585,0.07464963050802309,3,4
maize,soil_vs_county,1.5525788018577977,1.5083133980474974,0.04426540381030031,0.06084748164569076,4,4
wheat,soil_vs_no_soil,0.5446176208947835,0.5710829963182148,-0.026465375423431303,-0.013864165102012271,2,4
wheat,county_vs_no_soil,0.5446176208947835,0.567290377240432,-0.02267275634564847,-0.004171016194005173,1,4
wheat,soil_vs_county,0.567290377240432,0.5710829963182148,-0.003792619077782833,-0.009693148908007099,1,4
