period,crop,variant,records,mae,rmse,r2,bias
POOLED,ALL,baseline,456,0.9892982456140351,1.3888652568749735,0.13675711202230656,-0.31265789473684213
POOLED,ALL,county,456,0.899262034391102,1.2983462537733954,0.24561361903720746,-0.026345500109488527
POOLED,ALL,no_soil,456,0.9030030412004705,1.3329136983487757,0.20490898897718202,0.02209509640409233
POOLED,ALL,soil,456,0.884403605356551,1.2695650101436065,0.2786888091477071,-0.005708976607573683
POOLED,barley,baseline,152,0.7546710526315789,0.8687118261207829,-0.12414253251951335,-0.5587763157894736
POOLED,barley,county,152,0.5779169240750764,0.7114173692654443,0.2460911509513798,-0.30799599785553783
POOLED,barley,no_soil,152,0.5638446165386,0.6915069632329702,0.287699863368998,-0.2616585595984208
POOLED,barley,soil,152,0.5738144217039409,0.7158571719531238,0.2366518224302634,-0.30744686026322215
POOLED,maize,baseline,152,1.6145789473684211,2.1089280889140167,-0.1252319654144285,-0.05478947368421055
POOLED,maize,county,152,1.5525788018577977,2.0162495175036996,-0.028506572890094617,0.36480326778010325
POOLED,maize,no_soil,152,1.6005468861680283,2.0908991480117227,-0.1060752891752974,0.41210948228836064
POOLED,maize,soil,152,1.5083133980474974,1.9554020358580089,0.03263438890960335,0.43442004511230875
POOLED,wheat,baseline,152,0.5986447368421053,0.764592822494775,-0.20794960289290154,-0.3244078947368421
POOLED,wheat,county,152,0.567290377240432,0.6969449002150475,-0.0036568911718364294,-0.1358437702530309
POOLED,wheat,no_soil,152,0.5446176208947835,0.6927738840210423,0.008320360781230884,-0.08416563347766277
POOLED,wheat,soil,152,0.5710829963182148,0.7066380491230546,-0.03176886565930781,-0.14410011467180758
