configuration_id,colsample_bytree,learning_rate,max_depth,min_child_weight,n_estimators,reg_lambda,subsample,mean_mae,std_mae,mean_rmse
167,1.0,0.05,3,1,400,5.0,0.8,0.8844036053565509,0.33812336733415316,1.1744205723371521
165,1.0,0.05,3,1,400,1.0,0.8,0.8862210528055827,0.3507857620745725,1.1832318119433751
176,1.0,0.05,3,5,400,5.0,1.0,0.8862567004822849,0.33875856814911276,1.1693479551318258
175,1.0,0.05,3,5,400,5.0,0.8,0.8864134356640933,0.3324504682795013,1.1766133980257172
133,1.0,0.03,4,1,400,1.0,0.8,0.8877720724908931,0.3575179826878107,1.1867286480568362
173,1.0,0.05,3,5,400,1.0,0.8,0.8879813082594621,0.3415642867559467,1.1789047555840717
174,1.0,0.05,3,5,400,1.0,1.0,0.8884264480649381,0.330577466395759,1.173953543306045
189,1.0,0.05,4,5,400,1.0,0.8,0.8899268938156597,0.34804333326082376,1.1745705160840259
78,0.8,0.05,3,5,400,1.0,1.0,0.8907456381279126,0.3412100197236164,1.1777797854084007
80,0.8,0.05,3,5,400,5.0,1.0,0.8908490229280372,0.3424427338105456,1.1796720281973587
125,1.0,0.03,3,5,400,1.0,0.8,0.891785255545064,0.3454080652253692,1.1858132662331666
135,1.0,0.03,4,1,400,5.0,0.8,0.8924835927026314,0.3482984540644137,1.192329464342096
30,0.8,0.03,3,5,400,1.0,1.0,0.8927141953978623,0.3530638500584616,1.1812040717587915
141,1.0,0.03,4,5,400,1.0,0.8,0.8927332036327897,0.34988172196849976,1.1856410673658226
119,1.0,0.03,3,1,400,5.0,0.8,0.8929642994780289,0.3438534447587948,1.19087364587652
126,1.0,0.03,3,5,400,1.0,1.0,0.89316492147613,0.3464889179547612,1.1814750513228862
93,0.8,0.05,4,5,400,1.0,0.8,0.8935355179979091,0.34222283649019436,1.1913211543274695
186,1.0,0.05,4,5,200,1.0,1.0,0.8942776627289623,0.35465842015046284,1.1858489475570857
170,1.0,0.05,3,5,200,1.0,1.0,0.8943914505891633,0.35108926036214405,1.1850233321373806
79,0.8,0.05,3,5,400,5.0,0.8,0.8944478082656862,0.3480638524368249,1.1903463948293669
185,1.0,0.05,4,5,200,1.0,0.8,0.8945515598121443,0.3569791328461597,1.1818614270610142
149,1.0,0.05,2,1,400,1.0,0.8,0.8946243434412439,0.33413107947259274,1.1927221759712219
190,1.0,0.05,4,5,400,1.0,1.0,0.8946481566470965,0.3333073515950507,1.1795321849396911
142,1.0,0.03,4,5,400,1.0,1.0,0.8948714327184778,0.3507478722433908,1.179188968309028
158,1.0,0.05,2,5,400,1.0,1.0,0.8951386198872016,0.34760427414812894,1.1931607772480195
117,1.0,0.03,3,1,400,1.0,0.8,0.896041423939822,0.3522798904523107,1.1952282858143508
143,1.0,0.03,4,5,400,5.0,0.8,0.8960653576307129,0.3492689295066905,1.1891869623764961
77,0.8,0.05,3,5,400,1.0,0.8,0.8961086130769629,0.34706743721166544,1.1928402338345347
181,1.0,0.05,4,1,400,1.0,0.8,0.8961987343378235,0.34963144757258224,1.1936089856760057
127,1.0,0.03,3,5,400,5.0,0.8,0.8962300035200621,0.34164128537043015,1.1916749565364135
71,0.8,0.05,3,1,400,5.0,0.8,0.896472048884944,0.34472532407462364,1.1946906339667087
183,1.0,0.05,4,1,400,5.0,0.8,0.8965157383994053,0.34788667707454096,1.1871577019654693
191,1.0,0.05,4,5,400,5.0,0.8,0.8967313582437082,0.33877020895735577,1.1963997951981173
192,1.0,0.05,4,5,400,5.0,1.0,0.8973793798162227,0.3334889007524115,1.1851150745693406
89,0.8,0.05,4,5,200,1.0,0.8,0.8977917523760545,0.35979701077958864,1.1934154457275108
138,1.0,0.03,4,5,200,1.0,1.0,0.8986498822036544,0.35127167815177945,1.1960877666772491
94,0.8,0.05,4,5,400,1.0,1.0,0.8987228933551855,0.33419267931934793,1.1864939523562397
172,1.0,0.05,3,5,200,5.0,1.0,0.8988024838765463,0.3412663007722931,1.1935869475611902
62,0.8,0.05,2,5,400,1.0,1.0,0.8991815746248815,0.3517859325065348,1.1982087265624077
168,1.0,0.05,3,1,400,5.0,1.0,0.8994667417542976,0.34367392509312183,1.1807370488236613
90,0.8,0.05,4,5,200,1.0,1.0,0.8997755488387326,0.35427138065713987,1.1925481377854297
160,1.0,0.05,2,5,400,5.0,1.0,0.8998463206333027,0.3476771301935113,1.2022187589475108
73,0.8,0.05,3,5,200,1.0,0.8,0.9000616048720845,0.364602327119966,1.2016217122463468
134,1.0,0.03,4,1,400,1.0,1.0,0.9001901590824127,0.35224589924455674,1.1899855737121399
128,1.0,0.03,3,5,400,5.0,1.0,0.9004660986180892,0.3419991555731674,1.1897232090137106
169,1.0,0.05,3,5,200,1.0,0.8,0.9007657951848549,0.3538525138726159,1.1941757283589587
64,0.8,0.05,2,5,400,5.0,1.0,0.9009539366186712,0.34573027471165874,1.203879221367372
42,0.8,0.03,4,5,200,1.0,1.0,0.9011491490665235,0.3575298983918555,1.206080611383574
54,0.8,0.05,2,1,400,1.0,1.0,0.9014467982660261,0.35675046009390443,1.20042397220681
87,0.8,0.05,4,1,400,5.0,0.8,0.901481183474524,0.3405482035460833,1.202670036152862
157,1.0,0.05,2,5,400,1.0,0.8,0.9016276121139528,0.3299330835450673,1.196337773775119
179,1.0,0.05,4,1,200,5.0,0.8,0.9019210159151179,0.35188842360416717,1.1974731880290759
150,1.0,0.05,2,1,400,1.0,1.0,0.9019939544953799,0.3518820591644135,1.2027257654455021
56,0.8,0.05,2,1,400,5.0,1.0,0.9020696965644235,0.35110769886429466,1.207339182030951
182,1.0,0.05,4,1,400,1.0,1.0,0.902076852739903,0.3395608305204875,1.1958184407425938
32,0.8,0.03,3,5,400,5.0,1.0,0.9021580645703433,0.34198177136711455,1.1965532706779518
171,1.0,0.05,3,5,200,5.0,0.8,0.9021655240602662,0.34336300049017215,1.1976237838356745
152,1.0,0.05,2,1,400,5.0,1.0,0.9022880633044661,0.34682021377732664,1.208676694860712
74,0.8,0.05,3,5,200,1.0,1.0,0.902416590744989,0.3569391550906428,1.200395530065192
29,0.8,0.03,3,5,400,1.0,0.8,0.9024644757781113,0.3566770551108207,1.2016889209767352
23,0.8,0.03,3,1,400,5.0,0.8,0.902488309542338,0.3486825354061515,1.2018756222059102
163,1.0,0.05,3,1,200,5.0,0.8,0.9025070090670335,0.3450757944157607,1.1970228096897726
69,0.8,0.05,3,1,400,1.0,0.8,0.9025296066936694,0.3471191190369745,1.204551338827366
129,1.0,0.03,4,1,200,1.0,0.8,0.9028738460833567,0.36047020553092934,1.2059024534861014
177,1.0,0.05,4,1,200,1.0,0.8,0.9031177529744936,0.362364471020936,1.2040977076670312
102,1.0,0.03,2,1,400,1.0,1.0,0.9031545774769365,0.3615966985908898,1.2059223754000412
178,1.0,0.05,4,1,200,1.0,1.0,0.9032006916874333,0.35728205987107264,1.1960709852201161
161,1.0,0.05,3,1,200,1.0,0.8,0.9032348342527423,0.35906170821977623,1.2038835767861913
46,0.8,0.03,4,5,400,1.0,1.0,0.9034814476130302,0.35194598566393986,1.1925303334368091
21,0.8,0.03,3,1,400,1.0,0.8,0.9034864077024292,0.355992837245745,1.2058706195969755
110,1.0,0.03,2,5,400,1.0,1.0,0.9038376166527733,0.3629705973794698,1.205674603186705
70,0.8,0.05,3,1,400,1.0,1.0,0.9039883345470094,0.3458336938790108,1.1899722940488142
120,1.0,0.03,3,1,400,5.0,1.0,0.9041382772462411,0.34496034003878023,1.1932874121613115
151,1.0,0.05,2,1,400,5.0,0.8,0.9042598952745137,0.3301455669151649,1.1997341854094157
76,0.8,0.05,3,5,200,5.0,1.0,0.904295053670281,0.34492982247525683,1.2031867859848804
113,1.0,0.03,3,1,200,1.0,0.8,0.9043127931210033,0.36244577164207653,1.2037219465137052
130,1.0,0.03,4,1,200,1.0,1.0,0.9043521293004355,0.35874670238333733,1.2035330848930692
144,1.0,0.03,4,5,400,5.0,1.0,0.9044144815311097,0.336627970480826,1.1901958320148054
95,0.8,0.05,4,5,400,5.0,0.8,0.9047998859380422,0.34190421361329837,1.2004300449775565
159,1.0,0.05,2,5,400,5.0,0.8,0.9048220144656667,0.3300519530060247,1.2018302220946602
5,0.8,0.03,2,1,400,1.0,0.8,0.9053637181457721,0.3708017612409008,1.2054263164513503
121,1.0,0.03,3,5,200,1.0,0.8,0.9055309208443292,0.36176924159573426,1.204318929945775
122,1.0,0.03,3,5,200,1.0,1.0,0.9057567469069834,0.3497711546552517,1.2075358720482154
187,1.0,0.05,4,5,200,5.0,0.8,0.9057753659967791,0.34333225920874944,1.2028662696630281
14,0.8,0.03,2,5,400,1.0,1.0,0.9061234725776472,0.3709091043288309,1.2115445495516992
66,0.8,0.05,3,1,200,1.0,1.0,0.9061727562076167,0.35717050980572146,1.1991996184629918
164,1.0,0.05,3,1,200,5.0,1.0,0.9061994031646796,0.35205353795258876,1.1948220573037078
31,0.8,0.03,3,5,400,5.0,0.8,0.9062280919886473,0.3570969223887136,1.2035507728088426
118,1.0,0.03,3,1,400,1.0,1.0,0.9066274379010788,0.35541404116088293,1.1960653921419842
26,0.8,0.03,3,5,200,1.0,1.0,0.9070010640119253,0.3506396499316417,1.2115967450978902
75,0.8,0.05,3,5,200,5.0,0.8,0.9070954111793585,0.35595919097423634,1.21472277922634
115,1.0,0.03,3,1,200,5.0,0.8,0.9071009482835468,0.34597808166581384,1.2147842081052498
45,0.8,0.03,4,5,400,1.0,0.8,0.9072709233091589,0.35666668002968666,1.2038572510072594
6,0.8,0.03,2,1,400,1.0,1.0,0.9072914771448102,0.368241115810935,1.2099764490171085
112,1.0,0.03,2,5,400,5.0,1.0,0.9076024504293476,0.3546296565952531,1.2129139940472493
131,1.0,0.03,4,1,200,5.0,0.8,0.9076982440655692,0.3447681968112722,1.2153509341564266
37,0.8,0.03,4,1,400,1.0,0.8,0.9078811225347352,0.35453285448870614,1.2087726068938713
72,0.8,0.05,3,1,400,5.0,1.0,0.9079901295795776,0.33868888747075565,1.195294494948878
13,0.8,0.03,2,5,400,1.0,0.8,0.908091802366993,0.3683486029970456,1.2100548209250825
39,0.8,0.03,4,1,400,5.0,0.8,0.9082111779639596,0.3482943322277289,1.2079500412644908
109,1.0,0.03,2,5,400,1.0,0.8,0.9084282434614082,0.3585074862267341,1.2070482015873245
15,0.8,0.03,2,5,400,5.0,0.8,0.9084627924258248,0.3579623024910447,1.2124142381718641
166,1.0,0.05,3,1,400,1.0,1.0,0.9085501624199382,0.3306593994313418,1.2037003086863196
85,0.8,0.05,4,1,400,1.0,0.8,0.9087241287817034,0.34059372355083994,1.2144196365730386
154,1.0,0.05,2,5,200,1.0,1.0,0.9087328286129133,0.36617209989277166,1.2119790362703093
61,0.8,0.05,2,5,400,1.0,0.8,0.9090326300001981,0.34680775471559333,1.2094916929706323
123,1.0,0.03,3,5,200,5.0,0.8,0.9090733324853998,0.3457710994885984,1.2139325952460032
63,0.8,0.05,2,5,400,5.0,0.8,0.9092772375282487,0.35169245019553064,1.2061275934520206
55,0.8,0.05,2,1,400,5.0,0.8,0.9093024042614721,0.3502514408562966,1.2053856265025167
16,0.8,0.03,2,5,400,5.0,1.0,0.9095175438387353,0.3583191518266689,1.2160257515657886
7,0.8,0.03,2,1,400,5.0,0.8,0.9097001481265353,0.3568442556851096,1.2137777740489706
188,1.0,0.05,4,5,200,5.0,1.0,0.9098557422453898,0.33554284851899224,1.2013390640668677
137,1.0,0.03,4,5,200,1.0,0.8,0.9098871874390988,0.3604957715950349,1.2059417196494202
104,1.0,0.03,2,1,400,5.0,1.0,0.9099087619154078,0.354148065632196,1.2133003729275091
67,0.8,0.05,3,1,200,5.0,0.8,0.9099624974476663,0.3536649071573267,1.2227005981019134
146,1.0,0.05,2,1,200,1.0,1.0,0.910151245970475,0.36418075826458784,1.2124659168771963
83,0.8,0.05,4,1,200,5.0,0.8,0.9102383695568955,0.3431891202128625,1.2155929440789457
88,0.8,0.05,4,1,400,5.0,1.0,0.9106095827044103,0.33742349103329844,1.2088496623812641
53,0.8,0.05,2,1,400,1.0,0.8,0.9106245312356112,0.3557784659760517,1.2066611797638185
140,1.0,0.03,4,5,200,5.0,1.0,0.9109775171154424,0.3327973091483931,1.2158858546851603
101,1.0,0.03,2,1,400,1.0,0.8,0.9111706449483571,0.35765582494019393,1.2143354588999928
162,1.0,0.05,3,1,200,1.0,1.0,0.9112306728697661,0.3512396867740788,1.2050692410178225
22,0.8,0.03,3,1,400,1.0,1.0,0.9113100366006818,0.36149655102644657,1.207971113011335
47,0.8,0.03,4,5,400,5.0,0.8,0.9116278978607111,0.3522601482213804,1.2082242483173633
111,1.0,0.03,2,5,400,5.0,0.8,0.9116562289940684,0.35288218202424715,1.2145758545528826
145,1.0,0.05,2,1,200,1.0,0.8,0.9118320307397008,0.36807746464496693,1.2114835778366508
103,1.0,0.03,2,1,400,5.0,0.8,0.9118772805364508,0.3518529704527971,1.2135821561342315
58,0.8,0.05,2,5,200,1.0,1.0,0.9118892871496971,0.36719181425259984,1.2191982879352592
96,0.8,0.05,4,5,400,5.0,1.0,0.9119722333289029,0.3291826054823246,1.2046332337925583
50,0.8,0.05,2,1,200,1.0,1.0,0.9120782945658031,0.37048663707305013,1.218830038928209
8,0.8,0.03,2,1,400,5.0,1.0,0.9121903535985112,0.358689268200723,1.2195682568685906
60,0.8,0.05,2,5,200,5.0,1.0,0.912373686757004,0.35735818073862397,1.2226027226969713
40,0.8,0.03,4,1,400,5.0,1.0,0.9124812687698163,0.33972916797014774,1.2118889478465387
86,0.8,0.05,4,1,400,1.0,1.0,0.9125378767440194,0.3329097664478365,1.212535220289791
65,0.8,0.05,3,1,200,1.0,0.8,0.9125706002586766,0.356705384905119,1.224174245824003
81,0.8,0.05,4,1,200,1.0,0.8,0.9126239385521204,0.352958256946475,1.2193758880344665
156,1.0,0.05,2,5,200,5.0,1.0,0.9126262442061777,0.357464197190164,1.2214873968469695
33,0.8,0.03,4,1,200,1.0,0.8,0.912660003879614,0.3605792725224925,1.2234728789159734
153,1.0,0.05,2,5,200,1.0,0.8,0.9126880430338677,0.37030208509998613,1.2118694858779548
184,1.0,0.05,4,1,400,5.0,1.0,0.912854000873733,0.33911646784518557,1.2043542984599942
34,0.8,0.03,4,1,200,1.0,1.0,0.9129284780276449,0.3535513885607781,1.2241543544641762
136,1.0,0.03,4,1,400,5.0,1.0,0.9135936707153653,0.35195488696530963,1.2068086500533906
139,1.0,0.03,4,5,200,5.0,0.8,0.9136123632339009,0.3488976405705692,1.215494192521152
91,0.8,0.05,4,5,200,5.0,0.8,0.9138266413044511,0.3440269370793599,1.2152407040861348
92,0.8,0.05,4,5,200,5.0,1.0,0.9138642390150773,0.3501402185907013,1.210722129754984
148,1.0,0.05,2,1,200,5.0,1.0,0.9140885025158264,0.35786434380851695,1.2206675656176789
132,1.0,0.03,4,1,200,5.0,1.0,0.9141446987369606,0.34011078803171946,1.2210633048502066
24,0.8,0.03,3,1,400,5.0,1.0,0.9144563239290003,0.3469654833533467,1.2098204508307642
52,0.8,0.05,2,1,200,5.0,1.0,0.9144575820052834,0.3626251549783694,1.2246377799805106
25,0.8,0.03,3,5,200,1.0,0.8,0.9145185078654374,0.3603856408229806,1.2231250718327398
84,0.8,0.05,4,1,200,5.0,1.0,0.9146121100166387,0.3448936063593301,1.2164050755700346
124,1.0,0.03,3,5,200,5.0,1.0,0.9149114828988125,0.3379341971943626,1.2247659153916939
48,0.8,0.03,4,5,400,5.0,1.0,0.9149930710332436,0.352688051588335,1.2072504256731773
41,0.8,0.03,4,5,200,1.0,0.8,0.9152236214436983,0.3660928834058407,1.2198528455193918
180,1.0,0.05,4,1,200,5.0,1.0,0.9159690855678759,0.3403139629381174,1.2075093086526736
36,0.8,0.03,4,1,200,5.0,1.0,0.9160157518428669,0.34174430358191477,1.2249494413985191
147,1.0,0.05,2,1,200,5.0,0.8,0.9160654300974128,0.35919948036215515,1.218683128768839
68,0.8,0.05,3,1,200,5.0,1.0,0.9167468783102537,0.34940952221396365,1.2146794593593038
28,0.8,0.03,3,5,200,5.0,1.0,0.9169042086810397,0.33526737792751043,1.2295939023911848
57,0.8,0.05,2,5,200,1.0,0.8,0.9171416023739598,0.3769968343048661,1.224212262631208
59,0.8,0.05,2,5,200,5.0,0.8,0.9172440637412824,0.3705800376230814,1.2273835876201544
51,0.8,0.05,2,1,200,5.0,0.8,0.9175275052639477,0.36837106681012133,1.2261611646405275
155,1.0,0.05,2,5,200,5.0,0.8,0.9178086215571355,0.359523283512305,1.2222659019979747
19,0.8,0.03,3,1,200,5.0,0.8,0.9179694213365255,0.343882148978993,1.2354174075023154
44,0.8,0.03,4,5,200,5.0,1.0,0.9183622975935015,0.3447393778792485,1.2253176918863657
114,1.0,0.03,3,1,200,1.0,1.0,0.918503744685859,0.356959709249144,1.2225988929528961
18,0.8,0.03,3,1,200,1.0,1.0,0.9185156674343244,0.3593008539977218,1.2263703407494655
116,1.0,0.03,3,1,200,5.0,1.0,0.9186837044305969,0.3458225936017153,1.2252612782532792
17,0.8,0.03,3,1,200,1.0,0.8,0.9188685329964287,0.35496416051721214,1.2346898275874227
82,0.8,0.05,4,1,200,1.0,1.0,0.9205215294528426,0.34482195830557577,1.2183651861552933
49,0.8,0.05,2,1,200,1.0,0.8,0.920573236795894,0.3733737649742516,1.227076599145366
35,0.8,0.03,4,1,200,5.0,0.8,0.9212368353626185,0.344327135232469,1.2338173653145483
20,0.8,0.03,3,1,200,5.0,1.0,0.9219316706322787,0.34045328188487184,1.2326308259826555
38,0.8,0.03,4,1,400,1.0,1.0,0.9219389918812535,0.3511919566855784,1.2213055119026013
98,1.0,0.03,2,1,200,1.0,1.0,0.922826443868771,0.36042597926621,1.2376679127399595
106,1.0,0.03,2,5,200,1.0,1.0,0.9229255717469935,0.3597442724453798,1.2386202063638518
10,0.8,0.03,2,5,200,1.0,1.0,0.9235648067583118,0.3676128333666086,1.2425231635553537
27,0.8,0.03,3,5,200,5.0,0.8,0.9239211976319028,0.34788538143977443,1.239349125424337
43,0.8,0.03,4,5,200,5.0,0.8,0.9256945278142628,0.3470359418143208,1.2368707450350194
100,1.0,0.03,2,1,200,5.0,1.0,0.9261733904219511,0.3484597116874072,1.2489273184967389
2,0.8,0.03,2,1,200,1.0,1.0,0.9269453014198104,0.3653223965125016,1.2452575359975029
9,0.8,0.03,2,5,200,1.0,0.8,0.9280123102455808,0.37529531208854194,1.2449817263328735
105,1.0,0.03,2,5,200,1.0,0.8,0.9291675230703855,0.3735263956001658,1.2387485995587757
108,1.0,0.03,2,5,200,5.0,1.0,0.9296141528246695,0.3476516421536298,1.2539775839741427
1,0.8,0.03,2,1,200,1.0,0.8,0.930279066499911,0.3712232956393917,1.2499724123943787
107,1.0,0.03,2,5,200,5.0,0.8,0.9303849522691024,0.35531080057995423,1.2507873727449152
97,1.0,0.03,2,1,200,1.0,0.8,0.9306779900768347,0.3720956812421082,1.2413571901071925
99,1.0,0.03,2,1,200,5.0,0.8,0.9306950973837,0.3562416776207662,1.250443604641776
3,0.8,0.03,2,1,200,5.0,0.8,0.9311842125131373,0.35696776850247935,1.257556160090735
11,0.8,0.03,2,5,200,5.0,0.8,0.9315692070074248,0.35666546199368027,1.258777406814227
4,0.8,0.03,2,1,200,5.0,1.0,0.931877898437935,0.35179944858476614,1.2590771276553714
12,0.8,0.03,2,5,200,5.0,1.0,0.9322319798302232,0.35311556693237184,1.2595406819881585
