configuration_id,colsample_bytree,learning_rate,max_depth,min_child_weight,n_estimators,reg_lambda,subsample,mean_mae,std_mae,mean_rmse,mean_r2
94,0.8,0.05,4,5,400,1.0,1.0,0.8840011600444192,0.1906877634797515,1.1454963918253598,0.3225149769834116
90,0.8,0.05,4,5,200,1.0,1.0,0.8846851010699022,0.20405426343243885,1.1460149574261633,0.3204305487332111
82,0.8,0.05,4,1,200,1.0,1.0,0.8873765579859416,0.20206768629742639,1.1593704426609661,0.3076461025732633
86,0.8,0.05,4,1,400,1.0,1.0,0.8884803611981241,0.1848305661107803,1.1654030566032918,0.30241075814210777
38,0.8,0.03,4,1,400,1.0,1.0,0.8920914999643961,0.18027278600161883,1.1551899319023233,0.3164420905827797
46,0.8,0.03,4,5,400,1.0,1.0,0.8970640894404629,0.20455448989730635,1.1654146804891565,0.2983639281526872
190,1.0,0.05,4,5,400,1.0,1.0,0.900058518104386,0.205660714814403,1.1715064276731648,0.2906636050863299
186,1.0,0.05,4,5,200,1.0,1.0,0.9040001314564755,0.2118449803752293,1.1768282343383862,0.284041587999937
88,0.8,0.05,4,1,400,5.0,1.0,0.904704843006636,0.23345567807032186,1.1698240921173633,0.28443949886222053
184,1.0,0.05,4,1,400,5.0,1.0,0.9063990291377954,0.23467726226928706,1.16512764343435,0.2886241354966266
34,0.8,0.03,4,1,200,1.0,1.0,0.9066682860725805,0.2059544212600138,1.1713848668152556,0.29708661204854825
42,0.8,0.03,4,5,200,1.0,1.0,0.9069094280192727,0.22110124645858814,1.174886569681569,0.2885375857732012
48,0.8,0.03,4,5,400,5.0,1.0,0.9092341420315859,0.2105395663861473,1.1647917668730827,0.29855064347858784
45,0.8,0.03,4,5,400,1.0,0.8,0.9112796741201168,0.21392064850458067,1.176097842969002,0.2795852658819893
40,0.8,0.03,4,1,400,5.0,1.0,0.911706616522973,0.20907955171314424,1.168503201862819,0.2960241705859963
182,1.0,0.05,4,1,400,1.0,1.0,0.9119692435808349,0.18548882430728492,1.1873425889437494,0.2786535240682233
96,0.8,0.05,4,5,400,5.0,1.0,0.912503969920309,0.23351878233922133,1.1696971268502208,0.28593242098772176
135,1.0,0.03,4,1,400,5.0,0.8,0.9130704311111517,0.24857730552746626,1.1738487591859212,0.274423274361291
47,0.8,0.03,4,5,400,5.0,0.8,0.9147617355773323,0.22501449767183834,1.1688035965216992,0.28789619295475566
95,0.8,0.05,4,5,400,5.0,0.8,0.9149745603611595,0.22341648644643222,1.1755891884077383,0.2760729378497593
84,0.8,0.05,4,1,200,5.0,1.0,0.9150903807188336,0.23962353238322281,1.176825382103787,0.2780439013479859
142,1.0,0.03,4,5,400,1.0,1.0,0.9158904599934294,0.1958429301705541,1.1941393512123186,0.26535408373617475
189,1.0,0.05,4,5,400,1.0,0.8,0.9159413451060914,0.23812708310484185,1.1779248824153534,0.27082481931997165
80,0.8,0.05,3,5,400,5.0,1.0,0.9160836976662017,0.20952105864880338,1.1665697227620653,0.29931266901718373
87,0.8,0.05,4,1,400,5.0,0.8,0.9161677886310378,0.2360668526983429,1.175323887640483,0.27381432987549115
181,1.0,0.05,4,1,400,1.0,0.8,0.9168905743590573,0.2141176827890854,1.1765008098024918,0.27842022208336953
91,0.8,0.05,4,5,200,5.0,0.8,0.9181531573387615,0.2289373106848396,1.1758279160851397,0.27647177552835117
178,1.0,0.05,4,1,200,1.0,1.0,0.9186881464196924,0.19238907449649448,1.1922312962064046,0.27147109832106064
177,1.0,0.05,4,1,200,1.0,0.8,0.9196804526814243,0.21643581221760627,1.1783309094122152,0.277002954625325
92,0.8,0.05,4,5,200,5.0,1.0,0.9204834173855029,0.23431964884251508,1.1761050909734674,0.28125419672872154
183,1.0,0.05,4,1,400,5.0,0.8,0.9206443433385146,0.24189270209953784,1.1766669685953923,0.2689283948738024
143,1.0,0.03,4,5,400,5.0,0.8,0.9215113769916066,0.26743632806953144,1.1855447513956134,0.2522552213181312
180,1.0,0.05,4,1,200,5.0,1.0,0.9222045659600644,0.2278492205957569,1.1791946007765624,0.27753487541155175
39,0.8,0.03,4,1,400,5.0,0.8,0.922260758312125,0.23356010570433672,1.1746602067480403,0.28012577194754035
185,1.0,0.05,4,5,200,1.0,0.8,0.92327068241019,0.23629904812002187,1.1859945499072018,0.2625257553730551
83,0.8,0.05,4,1,200,5.0,0.8,0.9236301865075764,0.23651503745657707,1.1797459666508896,0.27117231695641175
179,1.0,0.05,4,1,200,5.0,0.8,0.9236444514467005,0.24693813124397038,1.1759986396366953,0.2712434159331191
134,1.0,0.03,4,1,400,1.0,1.0,0.9240049002254218,0.21521550966264566,1.1988633933741473,0.25552090701342717
136,1.0,0.03,4,1,400,5.0,1.0,0.9249468684196471,0.22450489230411913,1.1914684894025462,0.260438126021867
138,1.0,0.03,4,5,200,1.0,1.0,0.9266156876923745,0.21836923591455026,1.2041564026500287,0.25278466616777207
37,0.8,0.03,4,1,400,1.0,0.8,0.9269296784777391,0.2022542646507276,1.1912217132849254,0.2668486549060677
36,0.8,0.03,4,1,200,5.0,1.0,0.9277164421583477,0.22161154473373573,1.1864630693934834,0.2754509009870988
43,0.8,0.03,4,5,200,5.0,0.8,0.9278757112068042,0.22829323628656542,1.185892540837008,0.271381979885866
144,1.0,0.03,4,5,400,5.0,1.0,0.9283366960391664,0.21392439627364795,1.1874607828896477,0.26959733607359315
131,1.0,0.03,4,1,200,5.0,0.8,0.9286138806217595,0.2473605338653263,1.1909476032179842,0.25860930531355236
77,0.8,0.05,3,5,400,1.0,0.8,0.9294113071132126,0.20745441400443787,1.2040358890282012,0.24040057915005714
41,0.8,0.03,4,5,200,1.0,0.8,0.929565672811709,0.2273460355738191,1.1907318191091165,0.2646624277554269
188,1.0,0.05,4,5,200,5.0,1.0,0.9296378944422069,0.23525745739880263,1.1931863837822028,0.25657037290926143
191,1.0,0.05,4,5,400,5.0,0.8,0.9320269134797547,0.24504185823648075,1.185532825038576,0.26086001953745525
139,1.0,0.03,4,5,200,5.0,0.8,0.9328534558363129,0.26494640525177293,1.1969603662906205,0.2454834735656455
33,0.8,0.03,4,1,200,1.0,0.8,0.9339898358520708,0.22062230771131844,1.1960580584511906,0.26077074332710015
30,0.8,0.03,3,5,400,1.0,1.0,0.9343387817918208,0.20487369766536598,1.1912058854405698,0.27103274915204956
44,0.8,0.03,4,5,200,5.0,1.0,0.9344560644082855,0.2223592571092933,1.1924478422685287,0.2674093085621865
35,0.8,0.03,4,1,200,5.0,0.8,0.9345366254814884,0.23392533232138418,1.189668349674335,0.26574792036688044
141,1.0,0.03,4,5,400,1.0,0.8,0.934634390211942,0.2425924881412995,1.1958247939024722,0.2466336836715106
192,1.0,0.05,4,5,400,5.0,1.0,0.9347330870335563,0.2329451367471701,1.2028229411736748,0.24174417702696122
137,1.0,0.03,4,5,200,1.0,0.8,0.9360985400383933,0.2587984619136329,1.1952691182467163,0.24785208892410668
173,1.0,0.05,3,5,400,1.0,0.8,0.9371924077418813,0.2077946707919091,1.2000050367280097,0.2502620413994706
31,0.8,0.03,3,5,400,5.0,0.8,0.9372056971098247,0.21781515348576524,1.1940037313737146,0.2599402932045798
69,0.8,0.05,3,1,400,1.0,0.8,0.9378602832451202,0.17995561544891356,1.2113661708131966,0.24168376540504988
133,1.0,0.03,4,1,400,1.0,0.8,0.938165252626988,0.23977840506542938,1.1997090607720704,0.24710205010603445
76,0.8,0.05,3,5,200,5.0,1.0,0.9383474915487725,0.21735216192116943,1.1875876995924666,0.2766213661329478
130,1.0,0.03,4,1,200,1.0,1.0,0.938458105743977,0.2234147775436636,1.2092761194329487,0.24595762187488174
71,0.8,0.05,3,1,400,5.0,0.8,0.9387240948593407,0.18835672069211393,1.193898599464883,0.26395475384788225
187,1.0,0.05,4,5,200,5.0,0.8,0.9387500473281793,0.24922207458232992,1.1903917197408918,0.2562055938545199
29,0.8,0.03,3,5,400,1.0,0.8,0.9402917292870974,0.19509022970818743,1.1971941991213284,0.26089976287816063
23,0.8,0.03,3,1,400,5.0,0.8,0.9405525992418591,0.20623997782577247,1.1929787076680336,0.262906099785403
175,1.0,0.05,3,5,400,5.0,0.8,0.9414462479164726,0.23622448004901012,1.206523538274937,0.23776920930695164
132,1.0,0.03,4,1,200,5.0,1.0,0.9414530556662041,0.2311899870266882,1.2091938710405958,0.24386980651712217
79,0.8,0.05,3,5,400,5.0,0.8,0.9434511151857543,0.20304564439604897,1.1985603814090355,0.2526345353098951
176,1.0,0.05,3,5,400,5.0,1.0,0.9435637831687927,0.19857989217030173,1.2001191140835425,0.2605253249307117
66,0.8,0.05,3,1,200,1.0,1.0,0.9440180765118515,0.19747201002026638,1.207195727089721,0.25338842937332284
140,1.0,0.03,4,5,200,5.0,1.0,0.944153984764166,0.22941302406921163,1.2091852945119381,0.24559496816535056
159,1.0,0.05,2,5,400,5.0,0.8,0.9441857710010128,0.2489919326890066,1.2084603965484857,0.23575885003233604
129,1.0,0.03,4,1,200,1.0,0.8,0.9446655696735049,0.2482088566016258,1.204773896542084,0.24370098631170195
73,0.8,0.05,3,5,200,1.0,0.8,0.945706357412171,0.2035685159997251,1.210219039692742,0.24160973811991862
72,0.8,0.05,3,1,400,5.0,1.0,0.9460994496680143,0.1891508030857448,1.1969927622085594,0.2663455409573982
32,0.8,0.03,3,5,400,5.0,1.0,0.9461680475034212,0.2130600049387738,1.199565545699678,0.2593077699515215
63,0.8,0.05,2,5,400,5.0,0.8,0.9465361350670196,0.2314925929105902,1.2203858802030825,0.22302550954442552
119,1.0,0.03,3,1,400,5.0,0.8,0.9467258181488305,0.24427697886611724,1.2024553461771863,0.24675694308223955
85,0.8,0.05,4,1,400,1.0,0.8,0.9481400290288424,0.2170323819399091,1.2116348607006697,0.2401869701490808
70,0.8,0.05,3,1,400,1.0,1.0,0.9487293551888382,0.18262300314109275,1.2127383120122135,0.24621325558430066
15,0.8,0.03,2,5,400,5.0,0.8,0.949435092378081,0.23787568471618875,1.226033285407196,0.2171748122526555
165,1.0,0.05,3,1,400,1.0,0.8,0.949583016989524,0.18580845452393846,1.2165010252240709,0.2372471795771952
93,0.8,0.05,4,5,400,1.0,0.8,0.9497468568985922,0.1860998091535323,1.2183867833856936,0.23505822934203519
24,0.8,0.03,3,1,400,5.0,1.0,0.9499402686169274,0.20420610101103548,1.1997193237338346,0.26283180852576
26,0.8,0.03,3,5,200,1.0,1.0,0.9503435327923089,0.22029898684667537,1.2061474699039698,0.2553085408977891
125,1.0,0.03,3,5,400,1.0,0.8,0.950931556935896,0.2038569079696273,1.216271327201521,0.23639897904117427
53,0.8,0.05,2,1,400,1.0,0.8,0.9517847783941972,0.18094464389238413,1.2425915314929887,0.2039172812783964
7,0.8,0.03,2,1,400,5.0,0.8,0.9521343222208191,0.23390985402668463,1.2275436626114584,0.21727915602953773
174,1.0,0.05,3,5,400,1.0,1.0,0.9522849894406503,0.17709454528130678,1.2183849520764853,0.2392187328339742
158,1.0,0.05,2,5,400,1.0,1.0,0.9526748548055951,0.2012802747803395,1.244971325219274,0.19688391713475115
128,1.0,0.03,3,5,400,5.0,1.0,0.9533326884529048,0.2123510797901684,1.2072836988670719,0.25136395969186554
167,1.0,0.05,3,1,400,5.0,0.8,0.9534037697315216,0.24723991697148917,1.2189479299756245,0.22225127659851365
74,0.8,0.05,3,5,200,1.0,1.0,0.9535089191846681,0.20114332621568595,1.2080441469325724,0.25394809990331
55,0.8,0.05,2,1,400,5.0,0.8,0.9538894529091686,0.22187489574026484,1.225125807701088,0.2226148704778019
117,1.0,0.03,3,1,400,1.0,0.8,0.954247262687014,0.18276062838702525,1.221559273398253,0.2351300077681913
118,1.0,0.03,3,1,400,1.0,1.0,0.9544504411387862,0.20549749644553178,1.2300408184910148,0.217998053276014
81,0.8,0.05,4,1,200,1.0,0.8,0.9545919322758389,0.20751045589140404,1.2128510340968464,0.24319787411743787
27,0.8,0.03,3,5,200,5.0,0.8,0.9550824290200284,0.2115769981026046,1.2135978123717266,0.2434447591841222
168,1.0,0.05,3,1,400,5.0,1.0,0.9550887250063712,0.19346360120310155,1.2133822649401906,0.2446319222102575
127,1.0,0.03,3,5,400,5.0,0.8,0.9552220700289076,0.2412695469194922,1.2107378329051326,0.23789192226415767
149,1.0,0.05,2,1,400,1.0,0.8,0.9553099527275354,0.1991368695494323,1.2417586946807229,0.20005583547837347
170,1.0,0.05,3,5,200,1.0,1.0,0.9558583215245029,0.20354160510878364,1.222467696825449,0.23195312011826114
169,1.0,0.05,3,5,200,1.0,0.8,0.9562771905305094,0.22253188058120016,1.214661130297469,0.23412907271270444
68,0.8,0.05,3,1,200,5.0,1.0,0.9563719637352124,0.21744649440056169,1.205371676051318,0.2534823965617954
67,0.8,0.05,3,1,200,5.0,0.8,0.9565718782784647,0.19387463846924607,1.2086229158510449,0.24892345979011196
160,1.0,0.05,2,5,400,5.0,1.0,0.9567368562388839,0.20844282260098465,1.2398835542302746,0.2066791632833736
25,0.8,0.03,3,5,200,1.0,0.8,0.9568650310917904,0.20751537631087005,1.2153405274434554,0.24004364358454025
78,0.8,0.05,3,5,400,1.0,1.0,0.9570556060891402,0.17038963235260826,1.2102145462960883,0.25488805368855594
19,0.8,0.03,3,1,200,5.0,0.8,0.9572472071020227,0.19931480418854236,1.2133460383798629,0.2457808615241215
161,1.0,0.05,3,1,200,1.0,0.8,0.9581793989633259,0.20423595663815097,1.2216786597672413,0.2299851904812578
20,0.8,0.03,3,1,200,5.0,1.0,0.9586257112444494,0.22742074342827706,1.2122476245263794,0.2459665748304158
152,1.0,0.05,2,1,400,5.0,1.0,0.9586920933974418,0.1948961544645914,1.2424908972846944,0.20762574229783565
22,0.8,0.03,3,1,400,1.0,1.0,0.9591589940849103,0.18058543290571655,1.2183130054529492,0.24239082769321058
171,1.0,0.05,3,5,200,5.0,0.8,0.9592374677197976,0.2328656395999913,1.2190387128316469,0.22657564127697444
75,0.8,0.05,3,5,200,5.0,0.8,0.9593316974765376,0.20596480646490306,1.2151895880693604,0.23688441344178798
28,0.8,0.03,3,5,200,5.0,1.0,0.9596125856617042,0.2289724525902928,1.2171989745755878,0.2390743666594433
64,0.8,0.05,2,5,400,5.0,1.0,0.9596239785353343,0.20649245010236394,1.2372953058884648,0.2107935977783399
13,0.8,0.03,2,5,400,1.0,0.8,0.9596349620400815,0.2528854984639137,1.2405597563523505,0.19048760829505948
89,0.8,0.05,4,5,200,1.0,0.8,0.959639558143783,0.1946625837598274,1.2214448126831192,0.23359417557690834
110,1.0,0.03,2,5,400,1.0,1.0,0.9596908089152554,0.22383403997263865,1.2473548688919207,0.19339931913476588
56,0.8,0.05,2,1,400,5.0,1.0,0.9600680658064391,0.21385964082672623,1.2409475294609114,0.2021772176568949
151,1.0,0.05,2,1,400,5.0,0.8,0.9602386765731009,0.22384651599390123,1.2277763299495366,0.21953924828472612
104,1.0,0.03,2,1,400,5.0,1.0,0.9604466545372679,0.20436566787470045,1.241022283993319,0.21296194131995633
65,0.8,0.05,3,1,200,1.0,0.8,0.9604615166940188,0.18480401123342577,1.2255927973613256,0.2285826106376866
111,1.0,0.03,2,5,400,5.0,0.8,0.960920470409226,0.22994158416584706,1.2346840552159446,0.21017038137502134
21,0.8,0.03,3,1,400,1.0,0.8,0.9616723125441033,0.17943864641435067,1.220530970886891,0.23528484929396695
154,1.0,0.05,2,5,200,1.0,1.0,0.9618983594785657,0.22911273540705834,1.2526086810966106,0.18679240884108764
172,1.0,0.05,3,5,200,5.0,1.0,0.9622678859610307,0.21347855428253976,1.216597077903955,0.24051271474550387
102,1.0,0.03,2,1,400,1.0,1.0,0.9624471559650021,0.20776878080188055,1.2524818275244305,0.19196450751209554
5,0.8,0.03,2,1,400,1.0,0.8,0.9628006169879646,0.22958014222355985,1.2406995523822768,0.20037065578672036
113,1.0,0.03,3,1,200,1.0,0.8,0.9629615527077726,0.21599622350086886,1.2282443692827572,0.22362038951744703
126,1.0,0.03,3,5,400,1.0,1.0,0.9632394638187007,0.20094282187485124,1.2320486856048618,0.2175186633424894
150,1.0,0.05,2,1,400,1.0,1.0,0.9650583869950814,0.1742402257276273,1.257036549078864,0.19192430954693138
115,1.0,0.03,3,1,200,5.0,0.8,0.9650818149248759,0.23529159102193567,1.2252720367299268,0.22528877040184375
8,0.8,0.03,2,1,400,5.0,1.0,0.965498188190293,0.20740577302333854,1.2458240670581233,0.20569057982842198
146,1.0,0.05,2,1,200,1.0,1.0,0.9658745134713358,0.2277163240098848,1.25173788030752,0.18947493571064783
11,0.8,0.03,2,5,200,5.0,0.8,0.9660983856100787,0.22689467092012744,1.2487195967043103,0.1999505140935487
52,0.8,0.05,2,1,200,5.0,1.0,0.9663493558816744,0.22660807904935437,1.2428239616682706,0.2036596970540714
14,0.8,0.03,2,5,400,1.0,1.0,0.9664752853125856,0.21144286480257776,1.2569532193182802,0.18423205836405035
59,0.8,0.05,2,5,200,5.0,0.8,0.966579123233494,0.23871881957931776,1.2425494752707489,0.19960729028320195
61,0.8,0.05,2,5,400,1.0,0.8,0.9672779620112034,0.18915527332683846,1.2545915845342606,0.18792910184343697
17,0.8,0.03,3,1,200,1.0,0.8,0.9674065098846167,0.2071592038750827,1.2273816019447277,0.22508284759252975
60,0.8,0.05,2,5,200,5.0,1.0,0.9680571752891207,0.2340979595119675,1.249944549764726,0.1914597111973801
112,1.0,0.03,2,5,400,5.0,1.0,0.9680629145471674,0.21669796142229006,1.2511733937561935,0.1960243565038213
103,1.0,0.03,2,1,400,5.0,0.8,0.9681848568037936,0.22504086126968473,1.2431798136476284,0.2024218636414676
148,1.0,0.05,2,1,200,5.0,1.0,0.9681933616127885,0.22456716586178044,1.251122332685766,0.19385876985500924
120,1.0,0.03,3,1,400,5.0,1.0,0.9683833422786312,0.21793970699859747,1.2244313315992787,0.22912563240807512
3,0.8,0.03,2,1,200,5.0,0.8,0.9684376854854718,0.22561250147419679,1.2492956728129578,0.2006950598326228
164,1.0,0.05,3,1,200,5.0,1.0,0.9694233912543246,0.20509001608187974,1.2220061017735573,0.23583933938691387
18,0.8,0.03,3,1,200,1.0,1.0,0.9695642621475353,0.20011468465965163,1.2237563283586312,0.23694792749216426
157,1.0,0.05,2,5,400,1.0,0.8,0.9705627200059725,0.18767740808353583,1.2579061319040377,0.18248860060951572
114,1.0,0.03,3,1,200,1.0,1.0,0.9706943115016871,0.22944900692004133,1.242374916980386,0.2039632571403248
109,1.0,0.03,2,5,400,1.0,0.8,0.9708171100156349,0.21404811604026508,1.2493822650899706,0.19393354999091628
1,0.8,0.03,2,1,200,1.0,0.8,0.9710655144013857,0.2384654538177868,1.2511252511548918,0.19181860409846002
6,0.8,0.03,2,1,400,1.0,1.0,0.9712716541373939,0.20555214833110835,1.260432888495431,0.18540150954085663
121,1.0,0.03,3,5,200,1.0,0.8,0.9717125461603466,0.21809752958328366,1.234780399922354,0.21592775123566116
147,1.0,0.05,2,1,200,5.0,0.8,0.9718104045851189,0.22887815064327482,1.2377448845606103,0.21127158253878214
49,0.8,0.05,2,1,200,1.0,0.8,0.9720725837925025,0.2038720401988589,1.2588924782190043,0.18510520956161639
124,1.0,0.03,3,5,200,5.0,1.0,0.9720868568462239,0.22687688699048122,1.2311289706402584,0.22375314355038253
51,0.8,0.05,2,1,200,5.0,0.8,0.972432322564878,0.21776483056315904,1.2464335330485197,0.20272810403481373
16,0.8,0.03,2,5,400,5.0,1.0,0.9726495015830324,0.21611688999238907,1.2547045213806631,0.1904530736589676
163,1.0,0.05,3,1,200,5.0,0.8,0.9733301530177133,0.2416234451598489,1.2333971975070084,0.2111676361180394
155,1.0,0.05,2,5,200,5.0,0.8,0.9736365236315812,0.24269807318953793,1.2423982124366029,0.19965462948354284
9,0.8,0.03,2,5,200,1.0,0.8,0.9744372640994556,0.24823785972597764,1.256823566852366,0.18032656999105998
116,1.0,0.03,3,1,200,5.0,1.0,0.9744519761988992,0.2293451893184963,1.232610622332645,0.21991202270349242
156,1.0,0.05,2,5,200,5.0,1.0,0.9745932817249967,0.22714778463940397,1.2587459316013963,0.18284773154727785
123,1.0,0.03,3,5,200,5.0,0.8,0.9747928486790574,0.2325850624837366,1.2328190452559653,0.21811368598156558
162,1.0,0.05,3,1,200,1.0,1.0,0.976080174195139,0.2076746166066195,1.242448358501134,0.20635305436073784
57,0.8,0.05,2,5,200,1.0,0.8,0.9761398627256093,0.20530525556756382,1.2607356118368584,0.18192994349871225
62,0.8,0.05,2,5,400,1.0,1.0,0.9765576413430666,0.1980677810470611,1.2688831318464588,0.1683107570958578
100,1.0,0.03,2,1,200,5.0,1.0,0.9766764835516611,0.22205118209694083,1.2640715640478886,0.18560655350253047
4,0.8,0.03,2,1,200,5.0,1.0,0.9773624082824639,0.23100156885050235,1.2603358300619067,0.18633215875206693
2,0.8,0.03,2,1,200,1.0,1.0,0.9780504443561822,0.24501434329074606,1.2703486240741295,0.16747758157561415
54,0.8,0.05,2,1,400,1.0,1.0,0.9784107122714061,0.20089058100697638,1.2682590197976416,0.16896769494622538
101,1.0,0.03,2,1,400,1.0,0.8,0.9786079597264006,0.19767666317510557,1.261495592404073,0.18277778550904283
98,1.0,0.03,2,1,200,1.0,1.0,0.978698159937273,0.2376306769837039,1.269553257547656,0.16996929590193494
12,0.8,0.03,2,5,200,5.0,1.0,0.9790362110472561,0.23894259411245594,1.264353626221267,0.178722364643178
108,1.0,0.03,2,5,200,5.0,1.0,0.9795779440695779,0.2298844079459761,1.2676222550910226,0.17812425145136157
10,0.8,0.03,2,5,200,1.0,1.0,0.9796151726705986,0.24462877483138723,1.274148990532078,0.16150406828704392
145,1.0,0.05,2,1,200,1.0,0.8,0.9797615686634131,0.2194336465018585,1.2619820660950969,0.17605476442713208
122,1.0,0.03,3,5,200,1.0,1.0,0.9800447539697614,0.2220508953704235,1.2498889205596382,0.19688615409042998
106,1.0,0.03,2,5,200,1.0,1.0,0.9807190012722684,0.24742616322469246,1.2748552877422108,0.1598672936576971
153,1.0,0.05,2,5,200,1.0,0.8,0.9808584710798767,0.22540572936778908,1.2626093259386821,0.17467737373320502
166,1.0,0.05,3,1,400,1.0,1.0,0.9863887520212877,0.18428307762186977,1.257407749083312,0.1896382606348563
50,0.8,0.05,2,1,200,1.0,1.0,0.9865599506779721,0.2384151092688008,1.2714515278670862,0.16284398440859663
97,1.0,0.03,2,1,200,1.0,0.8,0.9873673374611036,0.23273339905569035,1.2752513059012605,0.1625233422278219
58,0.8,0.05,2,5,200,1.0,1.0,0.9878681365230627,0.23641831356251852,1.2754407974281425,0.15644697848078892
99,1.0,0.03,2,1,200,5.0,0.8,0.9893639594002774,0.22952097044970843,1.2691855666510405,0.17535680959756383
107,1.0,0.03,2,5,200,5.0,0.8,0.9894269679512894,0.23383921083280207,1.270936702711732,0.17093759916337023
105,1.0,0.03,2,5,200,1.0,0.8,0.9935676920832249,0.23553880050438358,1.2806813769280472,0.1546126872435575
