yield_year,county_name,crop,actual_yield_t_ha,predicted_yield_t_ha,absolute_error_t_ha,recent_yield_mean_t_ha,expected_season_temperature_c,expected_season_precipitation_mm,actual_temperature_c,actual_precipitation_mm,prediction_error_t_ha,temperature_error_c,precipitation_error_mm
2023,Bács-Kiskun,maize,7.87,5.7391872,2.130812759399414,6.312,16.432,427.24,17.096,379.33,-2.1308128,-0.6640000000000015,47.910000000000025
2023,Baranya,maize,8.5,8.030754,0.4692459106445312,7.706,16.326,499.0,16.864,520.4,-0.46924600000000005,-0.5380000000000003,-21.399999999999977
2023,Békés,maize,7.91,6.9515095,0.9584905242919924,6.528,16.643,399.16,17.158,374.86,-0.9584904999999999,-0.5150000000000006,24.30000000000001
2023,Borsod-Abaúj-Zemplén,maize,8.33,5.8687344,2.461265640258789,7.038,15.281,447.27,15.482,532.33,-2.4612656,-0.20099999999999874,-85.06000000000006
2023,Csongrád-Csanád,maize,5.26,5.616841,0.3568408393859865,5.558,16.739,415.94,17.402,344.6,0.3568410000000002,-0.6630000000000003,71.33999999999997
2023,Fejér,maize,8.64,6.4776435,2.162356510162354,6.864,16.144,428.58,16.633,443.23,-2.1623565000000005,-0.48900000000000077,-14.650000000000034
2023,Győr-Moson-Sopron,maize,8.09,5.847736,2.24226411819458,6.852,15.899,431.29,16.228,547.64,-2.2422639999999996,-0.3290000000000024,-116.34999999999997
2023,Hajdú-Bihar,maize,8.24,6.4065747,1.833425273895264,7.438,16.235,385.53,16.674,399.63,-1.8334253,-0.43900000000000006,-14.100000000000023
2023,Heves,maize,8.56,6.1220837,2.437916336059571,6.13,15.665,429.18,15.889,553.75,-2.4379163000000004,-0.2240000000000002,-124.57
2023,Jász-Nagykun-Szolnok,maize,5.81,4.9490147,0.8609853363037105,5.18,16.482,381.55,16.989,361.45,-0.8609852999999994,-0.5070000000000014,20.100000000000023
2023,Komárom-Esztergom,maize,8.78,6.1857753,2.59422472000122,7.018,15.565,452.15,15.95,524.2,-2.594224699999999,-0.3849999999999998,-72.05000000000007
2023,Nógrád,maize,7.15,4.3436546,2.806345367431641,5.53,14.606,454.37,14.86,590.68,-2.8063454000000005,-0.25399999999999956,-136.30999999999995
2023,Pest,maize,8.17,6.2195888,1.9504112434387209,6.38,16.027,425.31,16.434,417.79,-1.9504111999999996,-0.40700000000000003,7.519999999999982
2023,Somogy,maize,8.74,7.1094127,1.6305873298645022,8.412,16.004,503.31,16.489,541.76,-1.6305873000000002,-0.48499999999999943,-38.44999999999999
2023,Szabolcs-Szatmár-Bereg,maize,8.17,6.1390195,2.03098051071167,6.43,15.743,394.73,16.113,439.88,-2.0309805,-0.3699999999999992,-45.14999999999998
2023,Tolna,maize,9.15,8.59548,0.5545200347900394,7.46,16.414,454.65,16.953,440.13,-0.5545200000000001,-0.5389999999999979,14.519999999999982
2023,Vas,maize,9.35,7.510024,1.8399759292602536,8.068,15.561,513.4,15.827,641.68,-1.839976,-0.266,-128.27999999999997
2023,Veszprém,maize,7.87,7.1168594,0.7531405639648439,6.418,15.731,495.07,16.064,606.1,-0.7531406,-0.3330000000000002,-111.03000000000003
2023,Zala,maize,9.26,7.9621763,1.297823677062988,8.506,15.655,540.05,16.037,639.92,-1.2978236999999995,-0.3819999999999997,-99.87
2024,Bács-Kiskun,maize,4.56,5.9596715,1.399671497344971,6.288,16.622,422.74,18.278,313.43,1.3996715000000002,-1.6559999999999988,109.31
2024,Baranya,maize,7.47,8.491751,1.0217507171630862,7.486,16.499,498.84,18.039,427.12,1.021751000000001,-1.5400000000000027,71.71999999999997
2024,Békés,maize,5.31,6.722083,1.4120830917358402,6.438,16.784,393.85,18.286,316.4,1.412083,-1.5020000000000024,77.45000000000005
2024,Borsod-Abaúj-Zemplén,maize,7.17,5.7018456,1.468154354095459,7.282,15.322,453.33,16.615,461.44,-1.4681543999999995,-1.2929999999999993,-8.110000000000014
2024,Csongrád-Csanád,maize,3.85,6.0577326,2.207732582092285,5.188,16.923,408.96,18.568,293.39,2.2077325999999995,-1.6450000000000031,115.57
2024,Fejér,maize,5.58,8.8008795,3.2208794784545898,6.58,16.294,434.7,17.752,384.17,3.2208795000000006,-1.4579999999999984,50.52999999999997
2024,Győr-Moson-Sopron,maize,6.93,7.0066075,0.0766075325012209,6.798,16.009,446.08,17.308,510.77,0.0766075000000006,-1.2989999999999995,-64.69
2024,Hajdú-Bihar,maize,6.82,7.3247137,0.5047137069702146,7.276,16.345,382.2,17.698,318.96,0.5047136999999999,-1.3530000000000015,63.24000000000001
2024,Heves,maize,5.9,7.369427,1.4694272041320795,6.336,15.729,439.66,16.981,433.98,1.4694269999999996,-1.2520000000000024,5.680000000000007
2024,Jász-Nagykun-Szolnok,maize,5.53,4.861853,0.6681468772888186,5.264,16.61,376.79,18.001,346.02,-0.6681470000000003,-1.3910000000000018,30.77000000000004
2024,Komárom-Esztergom,maize,5.98,7.1737256,1.193725605010986,6.938,15.686,461.54,17.009,438.44,1.1937255999999996,-1.3230000000000004,23.100000000000023
2024,Nógrád,maize,5.19,5.9035177,0.7135177230834957,5.742,14.678,469.3,15.996,439.43,0.7135176999999997,-1.3179999999999996,29.870000000000005
2024,Pest,maize,4.38,6.1425834,1.7625833702087403,6.336,16.148,426.91,17.497,384.97,1.7625834000000005,-1.3490000000000002,41.94
2024,Somogy,maize,6.78,8.885878,2.105877609252929,8.134,16.155,509.36,17.629,484.15,2.1058779999999997,-1.4740000000000002,25.210000000000036
2024,Szabolcs-Szatmár-Bereg,maize,6.21,5.7916746,0.4183253860473632,6.678,15.821,397.13,17.145,424.63,-0.4183253999999996,-1.3239999999999998,-27.5
2024,Tolna,maize,6.15,8.340279,2.190278625488281,7.334,16.584,454.13,18.204,382.33,2.1902790000000003,-1.620000000000001,71.80000000000001
2024,Vas,maize,6.91,8.409958,1.4999578857421874,8.356,15.657,531.69,16.934,597.63,1.4999579999999995,-1.277000000000001,-65.93999999999994
2024,Veszprém,maize,6.49,7.5692854,1.0792853927612305,6.442,15.839,511.66,17.238,488.22,1.0792853999999998,-1.3989999999999991,23.439999999999998
2024,Zala,maize,7.37,7.8390355,0.4690355110168456,8.44,15.771,554.94,17.187,595.77,0.4690354999999995,-1.4160000000000004,-40.82999999999993
2025,Bács-Kiskun,maize,4.25,6.6202097,2.3702096939086914,5.746,17.193,390.55,16.838,251.98,2.3702097,0.3550000000000004,138.57000000000002
2025,Baranya,maize,6.0,8.97715,2.9771499633789062,7.09,17.035,471.71,16.654,337.64,2.97715,0.3810000000000002,134.07
2025,Békés,maize,2.72,6.819084,4.099084167480468,5.876,17.296,366.88,16.937,252.01,4.0990839999999995,0.3589999999999982,114.87
2025,Borsod-Abaúj-Zemplén,maize,6.35,7.83068,1.4806798934936527,6.982,15.741,446.9,15.256,411.42,1.4806800000000004,0.48499999999999943,35.47999999999996
2025,Csongrád-Csanád,maize,3.57,6.2881,2.718099765777588,4.588,17.486,371.56,17.181,238.73,2.7181,0.3049999999999997,132.83
2025,Fejér,maize,4.65,9.019536,4.369536018371582,6.08,16.802,413.98,16.435,310.16,4.369536,0.3670000000000009,103.82
2025,Győr-Moson-Sopron,maize,7.63,8.584925,0.9549246978759768,6.92,16.457,438.52,16.018,403.94,0.9549250000000002,0.43900000000000006,34.579999999999984
2025,Hajdú-Bihar,maize,5.4,8.371033,2.9710327148437496,6.888,16.802,369.02,16.262,330.94,2.9710330000000003,0.5399999999999991,38.079999999999984
2025,Heves,maize,3.75,7.008463,3.258462905883789,5.774,16.152,431.17,15.753,346.45,3.258463,0.3990000000000009,84.72000000000003
2025,Jász-Nagykun-Szolnok,maize,3.75,5.9616117,2.211611747741699,5.13,17.09,357.45,16.775,261.55,2.2116116999999997,0.3150000000000013,95.89999999999998
2025,Komárom-Esztergom,maize,5.26,8.020858,2.7608578109741213,6.634,16.133,447.33,15.742,342.25,2.7608580000000007,0.39099999999999824,105.07999999999998
2025,Nógrád,maize,4.4,5.4324245,1.0324245452880856,5.432,15.087,457.37,14.716,359.27,1.0324244999999994,0.37100000000000044,98.10000000000002
2025,Pest,maize,3.61,7.1903014,3.5803014183044435,5.682,16.612,409.74,16.274,289.68,3.5803014,0.3379999999999974,120.06
2025,Somogy,maize,5.91,9.754621,3.844620552062988,7.546,16.659,485.83,16.313,385.49,3.844621,0.3460000000000001,100.33999999999997
2025,Szabolcs-Szatmár-Bereg,maize,5.98,6.8592405,0.8792405319213863,6.45,16.247,396.24,15.7,344.14,0.8792404999999999,0.5470000000000006,52.10000000000002
2025,Tolna,maize,5.98,8.494556,2.5145564270019527,6.766,17.143,429.59,16.777,319.3,2.514555999999999,0.36599999999999966,110.28999999999996
2025,Vas,maize,7.36,9.47634,2.116340293884277,8.042,16.095,521.6,15.819,427.36,2.11634,0.275999999999998,94.24000000000001
2025,Veszprém,maize,5.47,7.758265,2.288265018463135,6.352,16.313,489.36,15.995,381.57,2.288265,0.3179999999999996,107.79000000000002
2025,Zala,maize,7.12,9.053473,1.9334734725952147,8.162,16.237,537.26,16.01,428.49,1.9334730000000002,0.22699999999999676,108.76999999999998
