max_depth,max_features,min_samples_leaf,min_samples_split,mean_mae,std_mae,mean_rmse,mean_r2
8.0,sqrt,1,5,0.9188256769190284,0.41134396826093406,1.2345413642799403,0.12459177476206107
,sqrt,2,5,0.9214033072962202,0.41670865270251545,1.2384251940249884,0.11442559805258931
8.0,sqrt,2,2,0.9222371957096877,0.4146269690248014,1.237558328580292,0.11584452203942483
,sqrt,2,2,0.9225946612529772,0.42236626384881903,1.2353163265016702,0.11303954142093942
8.0,sqrt,2,5,0.9232141134022525,0.41248468116253884,1.239516954192602,0.11544697999790088
,sqrt,4,2,0.92408047480801,0.39825670998188323,1.2459219796791163,0.1189921511266322
,sqrt,4,5,0.92408047480801,0.3982567099818833,1.2459219796791163,0.11899215112663217
6.0,sqrt,2,2,0.9251566104024,0.3946525438075968,1.2463241602407493,0.12141911885089757
6.0,sqrt,1,2,0.9253854003421,0.3997941423000296,1.2447221367239338,0.120280511352328
8.0,sqrt,4,5,0.9269674549444198,0.3954324126132315,1.2514421786830165,0.1141282172827808
8.0,sqrt,4,2,0.9269674549444198,0.3954324126132315,1.2514421786830168,0.11412821728278055
6.0,sqrt,1,5,0.9274196366864793,0.39860327303838855,1.2499449591506513,0.11576746495693077
8.0,0.7,2,2,0.9277535431071359,0.45168297822645886,1.2527153012546797,0.06829770610072497
8.0,sqrt,1,2,0.9279485121972162,0.417395176916387,1.2500203825955483,0.09848861073209694
,sqrt,1,2,0.9284805555555545,0.4149926706709204,1.2473333707067544,0.10290335302337691
,sqrt,1,5,0.9287688233118,0.42270728794796814,1.2475821988602553,0.10012223787887722
8.0,0.7,2,5,0.9288602232579499,0.45375501029615506,1.2516842565785526,0.069560590725609
6.0,sqrt,2,5,0.9294872423038012,0.398920648603025,1.2487026675915738,0.11528422519572157
6.0,0.7,2,2,0.9297056901800224,0.45337248718102935,1.2593975088558784,0.05940493357254162
6.0,0.7,2,5,0.9300480534703408,0.4531115747660221,1.2604319559514048,0.05998907660630509
6.0,0.7,1,2,0.930605512832209,0.4450201578590792,1.2642960196349355,0.06372948251796509
8.0,0.7,1,2,0.9321210316942685,0.43932624370465534,1.270578861622584,0.058364895923054216
8.0,0.7,1,5,0.9326242359066402,0.4452041130478525,1.2655718788713664,0.060005570276947
4.0,0.7,2,5,0.9327349557463785,0.4343894083537027,1.262476649621787,0.07303303775725581
6.0,0.7,1,5,0.9329047158749754,0.4415106664996096,1.2705103640156663,0.05962438404290771
4.0,0.7,2,2,0.9333980902474157,0.43412610261873963,1.2635804091569607,0.07223273930485008
8.0,0.7,4,2,0.9334508729529085,0.44378913089384975,1.2529133554233591,0.07221138026366272
8.0,0.7,4,5,0.9334508729529086,0.4437891308938499,1.2529133554233591,0.07221138026366264
,0.7,2,5,0.933538853546551,0.45186872226771346,1.2543504484969572,0.06627062710757753
6.0,sqrt,4,2,0.933796125529166,0.3861009824779562,1.259593997780229,0.1096679535942551
6.0,sqrt,4,5,0.933796125529166,0.3861009824779562,1.259593997780229,0.10966795359425513
4.0,0.7,1,5,0.9338427819667499,0.4310785178905193,1.2673359272905098,0.07149555375869857
6.0,0.7,4,2,0.9352695191537987,0.4480283288627005,1.2615615390141812,0.06036459029629626
6.0,0.7,4,5,0.9352695191537989,0.44802832886270055,1.2615615390141812,0.060364590296296095
,0.7,4,5,0.9352840025511215,0.4424308560367367,1.2584460473865442,0.06867712164886375
,0.7,4,2,0.9352840025511215,0.44243085603673665,1.2584460473865444,0.06867712164886366
4.0,0.7,1,2,0.9358792524420394,0.4294889777857833,1.2696013582361831,0.06978271893123869
6.0,1.0,2,5,0.9361767654623677,0.46404907988191063,1.2675493107723224,0.040378292913368696
6.0,1.0,2,2,0.9361888193078548,0.46518325808926825,1.2674154888128384,0.03993185614646719
6.0,1.0,1,5,0.9370554384234742,0.44967816568455277,1.282363172708214,0.03694847512878377
8.0,1.0,2,5,0.9377665613113794,0.463301474105086,1.2677327761349526,0.039888839916334407
8.0,1.0,2,2,0.9378966334327616,0.46599068125951176,1.268036655522143,0.03730277364236667
6.0,1.0,1,2,0.938801661659029,0.44798789808073936,1.2846348321575076,0.03587778957549426
,0.7,2,2,0.9389425276377498,0.4558522730093255,1.2606415691961297,0.0564787800573035
4.0,0.7,4,5,0.9390154541378328,0.4335291554125795,1.2736490660969133,0.061270139546003105
4.0,0.7,4,2,0.9390154541378328,0.4335291554125796,1.2736490660969133,0.06127013954600316
8.0,1.0,1,5,0.9423975471619869,0.44654143518068606,1.2906963355556749,0.028500635745190683
4.0,1.0,2,5,0.9427085423516615,0.4569856443545501,1.2758192834754138,0.03597643235121989
4.0,1.0,2,2,0.9430710744770365,0.4573511485124284,1.2763916820446837,0.03518499256145535
4.0,1.0,1,2,0.9430951959568208,0.44776754069680824,1.2821730876564255,0.03824469855585841
4.0,1.0,1,5,0.9433245848324211,0.4475118026087621,1.2823550440221525,0.038115548714219766
8.0,1.0,4,2,0.9433330211025894,0.46353699387002434,1.2690016306866192,0.03686219762380147
8.0,1.0,4,5,0.9433330211025894,0.46353699387002434,1.2690016306866192,0.03686219762380144
6.0,1.0,4,5,0.9435735450945358,0.4646744536244651,1.2718577037518382,0.03322857159527795
6.0,1.0,4,2,0.9435735450945358,0.4646744536244651,1.2718577037518384,0.03322857159527767
,1.0,2,5,0.9437202633749457,0.45892817815659387,1.273500477880418,0.03431062377586386
,0.7,1,5,0.9440393269606044,0.4448718772423975,1.2791206037005298,0.04441151059518303
,1.0,4,5,0.9447942060408148,0.4636344712162234,1.2705599408743462,0.03560046910432102
,1.0,4,2,0.9447942060408148,0.4636344712162236,1.2705599408743464,0.0356004691043208
8.0,1.0,1,2,0.945061316834342,0.44696845688858816,1.293518356385421,0.02378384427480068
,1.0,2,2,0.9457257582772166,0.4604339903591819,1.2767846839414505,0.02986799199287629
,0.7,1,2,0.9458168128654956,0.4365893808494139,1.28181290417487,0.045334174301664726
4.0,1.0,4,2,0.9492202792321894,0.4611798885710022,1.2843296165720668,0.02261772318675298
4.0,1.0,4,5,0.9492202792321895,0.4611798885710022,1.2843296165720668,0.022617723186753036
,1.0,1,5,0.9518265405403562,0.44102800304228446,1.2982560231465639,0.021253777573470134
,1.0,1,2,0.9572847953216361,0.43732754321046274,1.3064334932493793,0.012403845746886605
4.0,sqrt,1,2,0.9697294254662043,0.33168973503177385,1.291683321270616,0.10467833556299494
4.0,sqrt,2,5,0.9697438442626451,0.33640175632452074,1.2903910653613484,0.10342564796811574
4.0,sqrt,1,5,0.9710957571481336,0.3341202547373439,1.2934043154061101,0.10107962514926147
4.0,sqrt,2,2,0.9713970282596869,0.3341045913447575,1.2926878969123816,0.10200534373969969
4.0,sqrt,4,5,0.9779594967781623,0.3324479336211841,1.3032556411230858,0.08998741185057016
4.0,sqrt,4,2,0.9779594967781624,0.33244793362118413,1.303255641123086,0.08998741185056985
