county_name,crop,target_season_start_year,recent_yield_mean_t_ha,dry_hot_temperature_c,dry_hot_precipitation_mm,dry_hot_yield_t_ha,expected_temperature_c,expected_precipitation_mm,expected_yield_t_ha,wet_cool_temperature_c,wet_cool_precipitation_mm,wet_cool_yield_t_ha,scenario_spread_t_ha,warning_count,warnings
Bács-Kiskun,wheat,2026,5.394,12.341,436.56,5.428,12.052,502.52,5.524,11.51,565.1,5.501,0.096,0,
Bács-Kiskun,barley,2026,5.746,12.341,436.56,5.631,12.052,502.52,5.742,11.51,565.1,5.677,0.111,0,
Bács-Kiskun,maize,2027,5.136,17.46,309.51,3.628,17.162,374.02,5.3,16.742,434.03,6.13,2.502,0,
Baranya,wheat,2026,6.132,12.368,512.82,5.84,12.074,607.39,5.837,11.586,753.01,5.761,0.079,1,dry_hot_yield_above_wet_cool
Baranya,barley,2026,6.164,12.368,512.82,6.004,12.074,607.39,6.031,11.586,753.01,5.954,0.077,1,dry_hot_yield_above_wet_cool
Baranya,maize,2027,6.668,17.293,406.04,5.862,16.992,455.34,7.344,16.571,503.73,7.792,1.93,0,
Békés,wheat,2026,5.19,12.381,401.36,4.756,12.043,486.25,5.524,11.501,567.81,5.352,0.768,0,
Békés,barley,2026,5.374,12.381,401.36,5.087,12.043,486.25,5.684,11.501,567.81,5.468,0.597,0,
Békés,maize,2027,4.6,17.517,259.87,3.327,17.241,353.13,4.749,16.81,433.02,5.209,1.882,0,
Borsod-Abaúj-Zemplén,wheat,2026,5.61,10.993,497.33,6.002,10.518,553.29,6.055,10.001,648.86,5.958,0.097,1,dry_hot_yield_above_wet_cool
Borsod-Abaúj-Zemplén,barley,2026,5.556,10.993,497.33,6.051,10.518,553.29,6.078,10.001,648.86,5.969,0.109,1,dry_hot_yield_above_wet_cool
Borsod-Abaúj-Zemplén,maize,2027,6.418,15.941,364.31,6.15,15.588,446.25,5.995,15.264,495.31,6.65,0.655,0,
Csongrád-Csanád,wheat,2026,4.81,12.588,414.6,4.671,12.271,479.56,5.18,11.73,567.58,5.078,0.509,0,
Csongrád-Csanád,barley,2026,5.588,12.588,414.6,5.326,12.271,479.56,5.754,11.73,567.58,5.609,0.428,0,
Csongrád-Csanád,maize,2027,3.78,17.769,281.32,3.824,17.472,355.83,4.731,17.061,447.65,5.545,1.721,0,
Fejér,wheat,2026,5.864,12.012,438.03,5.539,11.728,518.76,5.762,11.216,627.71,5.924,0.385,0,
Fejér,barley,2026,6.024,12.012,438.03,5.96,11.728,518.76,6.111,11.216,627.71,6.253,0.293,0,
Fejér,maize,2027,5.462,17.054,353.41,4.953,16.75,403.66,5.2,16.325,446.67,6.755,1.802,0,
Győr-Moson-Sopron,wheat,2026,5.548,11.885,455.43,5.633,11.574,529.97,5.735,11.032,626.58,5.859,0.226,0,
Győr-Moson-Sopron,barley,2026,5.584,11.885,455.43,5.683,11.574,529.97,5.766,11.032,626.58,5.881,0.198,0,
Győr-Moson-Sopron,maize,2027,7.004,16.735,373.33,6.619,16.368,436.19,7.649,15.972,480.81,8.029,1.41,0,
Hajdú-Bihar,wheat,2026,5.564,11.948,453.96,5.733,11.53,503.69,5.732,10.953,592.9,5.953,0.221,0,
Hajdú-Bihar,barley,2026,5.688,11.948,453.96,5.793,11.53,503.69,5.793,10.953,592.9,5.974,0.181,0,
Hajdú-Bihar,maize,2027,5.952,17.04,311.03,4.345,16.678,367.42,6.492,16.287,417.12,6.414,2.147,0,
Heves,wheat,2026,5.136,11.377,476.34,5.46,10.913,544.69,5.65,10.403,647.7,5.558,0.19,0,
Heves,barley,2026,5.382,11.377,476.34,5.667,10.913,544.69,5.855,10.403,647.7,5.767,0.188,0,
Heves,maize,2027,5.202,16.371,345.07,4.719,16.026,422.45,5.386,15.666,478.72,6.092,1.373,0,
Jász-Nagykun-Szolnok,wheat,2026,4.764,12.199,408.78,4.729,11.81,471.8,5.043,11.248,555.6,5.269,0.54,0,
Jász-Nagykun-Szolnok,barley,2026,5.066,12.199,408.78,5.098,11.81,471.8,5.289,11.248,555.6,5.522,0.424,0,
Jász-Nagykun-Szolnok,maize,2027,4.496,17.31,258.7,3.101,17.015,346.22,4.519,16.578,411.84,4.696,1.595,0,
Komárom-Esztergom,wheat,2026,5.404,11.468,464.51,5.44,11.17,545.56,5.856,10.62,616.18,5.688,0.416,0,
Komárom-Esztergom,barley,2026,5.468,11.468,464.51,5.47,11.17,545.56,5.883,10.62,616.18,5.686,0.413,0,
Komárom-Esztergom,maize,2027,6.12,16.446,374.5,5.968,16.053,438.2,6.409,15.585,506.9,6.76,0.792,0,
Nógrád,wheat,2026,4.952,10.548,452.7,5.125,10.041,555.34,5.241,9.454,672.11,5.182,0.116,0,
Nógrád,barley,2026,4.64,10.548,452.7,4.872,10.041,555.34,4.995,9.454,672.11,4.93,0.123,0,
Nógrád,maize,2027,5.034,15.313,401.88,4.557,14.986,448.33,5.651,14.698,492.64,6.018,1.461,0,
Pest,wheat,2026,4.816,11.799,443.94,4.92,11.448,517.26,5.164,10.955,606.73,5.385,0.465,0,
Pest,barley,2026,4.568,11.799,443.94,4.596,11.448,517.26,4.905,10.955,606.73,5.089,0.493,0,
Pest,maize,2027,4.76,16.89,320.83,3.622,16.535,398.62,4.353,16.101,461.86,6.345,2.723,1,large_scenario_spread
Somogy,wheat,2026,6.11,12.051,514.14,5.765,11.796,620.69,5.794,11.3,758.21,5.941,0.176,0,
Somogy,barley,2026,6.116,12.051,514.14,5.785,11.796,620.69,5.796,11.3,758.21,5.929,0.144,0,
Somogy,maize,2027,6.668,16.928,420.15,5.868,16.614,472.63,7.48,16.199,528.48,8.5,2.632,0,
Szabolcs-Szatmár-Bereg,wheat,2026,5.266,11.502,530.04,5.647,11.054,551.91,6.028,10.505,610.14,5.79,0.381,0,
Szabolcs-Szatmár-Bereg,barley,2026,4.876,11.502,530.04,5.266,11.054,551.91,5.654,10.505,610.14,5.369,0.388,0,
Szabolcs-Szatmár-Bereg,maize,2027,5.952,16.527,322.41,4.914,16.11,398.85,5.716,15.748,458.82,7.3,2.386,0,
Tolna,wheat,2026,6.226,12.349,500.76,6.108,12.1,553.3,6.232,11.548,672.38,5.982,0.25,1,dry_hot_yield_above_wet_cool
Tolna,barley,2026,6.086,12.349,500.76,5.971,12.1,553.3,6.083,11.548,672.38,5.796,0.287,1,dry_hot_yield_above_wet_cool
Tolna,maize,2027,6.078,17.358,354.83,5.263,17.1,414.48,5.601,16.653,471.85,7.788,2.525,0,
Vas,wheat,2026,6.248,11.565,521.63,6.07,11.251,605.18,6.358,10.802,694.37,6.351,0.288,0,
Vas,barley,2026,5.692,11.565,521.63,5.789,11.251,605.18,5.95,10.802,694.37,5.987,0.198,0,
Vas,maize,2027,7.56,16.364,459.1,7.991,16.049,516.71,8.295,15.67,577.6,7.972,0.323,1,dry_hot_yield_above_wet_cool
Veszprém,wheat,2026,5.062,11.705,484.01,5.243,11.41,592.57,5.207,10.881,698.32,5.553,0.346,0,
Veszprém,barley,2026,4.98,11.705,484.01,5.229,11.41,592.57,5.165,10.881,698.32,5.515,0.35,0,
Veszprém,maize,2027,5.878,16.54,398.93,4.979,16.256,478.37,7.196,15.834,541.91,7.056,2.217,0,
Zala,wheat,2026,6.15,11.726,529.05,5.988,11.446,656.21,5.873,10.953,771.25,6.109,0.236,0,
Zala,barley,2026,5.86,11.726,529.05,5.793,11.446,656.21,5.635,10.953,771.25,5.871,0.236,0,
Zala,maize,2027,7.642,16.506,460.5,7.602,16.202,530.69,8.707,15.827,608.47,8.342,1.105,0,
